Unnamed: 0,Company,# Laid Off,% Laid Off,Stage,Date Added,Ticker,event_date,layoff_count,layoff_percent,event_id,count_missing,percent_missing,prior_events,days_since_event,return_5,return_20,return_60,volatility_20,relative_volume,market_return_20,market_volatility_20,prediction_date,target_end,stock_return,benchmark_return,excess_return,target
3883,Yelp,1000.0,17%,Post-IPO,4/9/2020,YELP,2020-04-09,1000.0,17.0,YELP:2020-04-09,0,0,0,,0.11558079091319651,-0.08247896672538624,-0.4618748168366704,0.10677211002592099,1.5735308459473472,0.1278702362541313,0.05071347942738034,2020-04-13,2020-04-17,0.0005078836267444764,0.030338034115251045,-0.029830150488506568,0
3869,Groupon,2800.0,44%,Post-IPO,4/13/2020,GRPN,2020-04-13,2800.0,44.0,GRPN:2020-04-13,0,0,0,,0.19178076465082117,0.04819272401665553,-0.6801470748074735,0.14857953069168858,0.4307926386754821,0.029559197311119334,0.047332586966981914,2020-04-14,2020-04-20,0.0804597499553581,0.021512385800804834,0.05894736415455326,1
3860,The RealReal,235.0,10%,Post-IPO,4/14/2020,REAL,2020-04-14,235.0,10.0,REAL:2020-04-14,0,0,0,,0.20694862677378745,0.2349304528928724,-0.5595369327477683,0.11133453639908644,1.3584221990331262,0.1901549000032252,0.03960032569064555,2020-04-15,2020-04-21,0.19524411317954082,-0.0378799271171083,0.23312404029664913,1
3848,GoPro,200.0,20%,Post-IPO,4/15/2020,GPRO,2020-04-15,200.0,20.0,GPRO:2020-04-15,0,0,0,,0.04313730806719662,0.16157210923194243,-0.3799533544327294,0.08789503530595909,1.334774542153036,0.10519518211004808,0.03871270102812099,2020-04-16,2020-04-22,0.04135334268663127,0.004824291957867599,0.03652905072876367,1
3838,CarGurus,130.0,13%,Post-IPO,4/16/2020,CARG,2020-04-16,130.0,13.0,CARG:2020-04-16,0,0,0,,-0.001569073500454432,0.17476924015925488,-0.49723467108610264,0.05706907598649698,0.7136336100611759,0.16975476888773788,0.036380201171261624,2020-04-17,2020-04-23,0.03404922018516365,-7.161136999667139e-05,0.034120831555160325,1
3763,TripAdvisor,900.0,25%,Post-IPO,4/28/2020,TRIP,2020-04-28,900.0,25.0,TRIP:2020-04-28,0,0,0,,0.10023039803815581,0.06883041323287897,-0.30087845553350334,0.03798193784285701,0.8799259752501362,0.09203112265464553,0.025873106768559737,2020-04-29,2020-05-05,-0.03874344274024699,0.0016101284412584072,-0.0403535711815054,0
3756,Lyft,982.0,17%,Post-IPO,4/29/2020,LYFT,2020-04-29,982.0,17.0,LYFT:2020-04-29,0,0,0,,0.10944627123292139,0.2685288971838229,-0.2898248118541322,0.0664885589231402,0.8023809845008598,0.13757529868007157,0.02586331475229839,2020-04-30,2020-05-06,-0.23311803329180025,-0.03055851115281194,-0.2025595221389883,0
3714,Uber,3700.0,14%,Post-IPO,5/6/2020,UBER,2020-05-06,3700.0,14.0,UBER:2020-05-06,0,0,0,,-0.1131654781459015,0.08080807856260908,-0.3046738099998465,0.030860438842405614,1.1496910597198218,0.07211535285015302,0.01920514303554881,2020-05-07,2020-05-13,0.1869159173250059,-0.009322640920734537,0.19623855824574044,1
3697,Stone,1300.0,20%,Post-IPO,5/13/2020,STNE,2020-05-13,1300.0,20.0,STNE:2020-05-13,0,0,0,,-0.21840348618705718,-0.11654138420126436,-0.4942610945271434,0.06492166017065625,1.8312798015420164,0.013824963955507474,0.01721219734389281,2020-05-14,2020-05-20,0.15413705828959046,0.05443864751059868,0.09969841077899178,1
3668,Uber,3000.0,13%,Post-IPO,5/18/2020,UBER,2020-05-18,3000.0,13.0,UBER:2020-05-18,0,0,1,12.0,0.06257900064574962,0.19262143650075214,-0.17436154410546856,0.040582913523537587,1.3519929940945268,0.047621930981544436,0.017090280996793137,2020-05-19,2020-05-26,0.027959621394120893,0.013830837814198249,0.014128783579922644,1
3649,Uber,600.0,23%,Post-IPO,5/26/2020,UBER,2020-05-26,600.0,23.0,UBER:2020-05-26,0,0,2,8.0,0.027959621394120893,0.14893621878151242,0.02037208335299634,0.03879463373790955,0.6811452180361123,0.041909231517819556,0.015145054932872763,2020-05-27,2020-06-02,0.03616898004425528,0.030092176032000317,0.006076804012254966,1
3637,Stitch Fix,1400.0,18%,Post-IPO,6/1/2020,SFIX,2020-06-01,1400.0,18.0,SFIX:2020-06-01,0,0,0,,0.004678885975357261,0.5248548217072284,0.014169167485349687,0.03857679315895022,0.6941467300695625,0.08048368035431452,0.01236835800058019,2020-06-02,2020-06-08,0.05503806904617958,0.05776485596515468,-0.0027267869189750993,0
3638,MakeMyTrip,350.0,10%,Post-IPO,6/3/2020,MMYT,2020-06-03,350.0,10.0,MMYT:2020-06-03,0,0,0,,0.052503092455061795,0.19639139164975727,-0.09310891301697699,0.04405251574459022,0.8482921551743172,0.09081354027244704,0.012521275423767485,2020-06-04,2020-06-10,0.017401458723437235,0.021846634163442902,-0.0044451754400056664,0
3607,Intuit,715.0,7%,Post-IPO,6/22/2020,ISRG,2020-06-22,715.0,7.0,ISRG:2020-06-22,0,0,0,,0.030948087157152138,0.046481881327293584,0.17446714351791126,0.02160659144237555,0.7869261843554902,0.056007809086228155,0.016868401543095775,2020-06-23,2020-06-29,-0.05974944248527969,-0.01983142412508121,-0.03991801836019848,0
3601,GoDaddy,451.0,6%,Post-IPO,6/24/2020,GDDY,2020-06-24,451.0,6.0,GDDY:2020-06-24,0,0,0,,-0.054179203331578774,-0.024393481377848136,0.2777213747947167,0.02799773026285452,2.4153848349076794,0.00625376782668452,0.01756961811509765,2020-06-25,2020-07-01,-0.023018890700717387,0.021144910033106923,-0.04416380073382431,0
3602,Sonos,174.0,12%,Post-IPO,6/24/2020,SONO,2020-06-24,174.0,12.0,SONO:2020-06-24,0,0,0,,-0.0171306043681142,0.2609890440987037,0.6392858432263802,0.06893451897012182,1.298282824801762,0.00625376782668452,0.01756961811509765,2020-06-25,2020-07-01,0.07044293980452232,0.021144910033106923,0.0492980297714154,1
3617,Uber,225.0,25%,Post-IPO,6/27/2020,UBER,2020-06-27,225.0,25.0,UBER:2020-06-27,0,0,3,32.0,-0.08328169319652867,-0.18474667238031028,0.1648308623714405,0.03574662803156873,1.8490582024725952,-0.009692630855066775,0.018529011384354442,2020-06-29,2020-07-06,0.09827760173685318,0.05665745463950356,0.041620147097349625,1
3581,Yelp,63.0,,Post-IPO,7/13/2020,YELP,2020-07-13,63.0,,YELP:2020-07-13,0,1,1,95.0,-0.014304288169543877,-0.03234043527156749,0.23991273620079046,0.03209013034005762,0.7318487368186307,0.03949703525447679,0.01233996558354043,2020-07-14,2020-07-20,0.04749340081690545,0.0301104540984507,0.01738294671845475,1
3555,Shopify,30.0,,Post-IPO,8/14/2020,SHOP,2020-08-14,30.0,,SHOP:2020-08-14,0,1,0,,-0.0619302241308588,0.06439827553808053,0.26979430643216773,0.038264350786342875,0.6386500923568469,0.04699732217139441,0.0069580603768128945,2020-08-17,2020-08-21,0.03362687079061755,0.007837780982194564,0.025789089808422982,1
3546,Salesforce,1000.0,2%,Post-IPO,8/26/2020,CRM,2020-08-26,1000.0,2.0,CRM:2020-08-26,0,0,0,,0.3276778064579813,0.4065387931221427,0.5629913564638025,0.06057926692193019,7.051059747970212,0.0690514573522174,0.005337421508452037,2020-08-27,2020-09-02,0.016047444200541827,0.029145119814896425,-0.013097675614354598,0
3545,MakeMyTrip,350.0,10%,Post-IPO,9/2/2020,MMYT,2020-09-02,350.0,10.0,MMYT:2020-09-02,0,0,1,91.0,0.015634771956129834,0.09360265009709479,-0.09324400282087386,0.0313362289071015,0.4074821484011177,0.07705286844771031,0.005930689851487993,2020-09-03,2020-09-10,0.006773436693465529,-0.06656424641710224,0.07333768311056776,1
3502,Dropbox,315.0,15%,Post-IPO,1/13/2021,DBX,2021-01-13,315.0,15.0,DBX:2021-01-13,0,0,0,,0.012357000139581187,-0.05145792758552892,0.08858273481508294,0.027172953032930335,2.1081395179917775,0.045930209926620114,0.006652322256423466,2021-01-14,2021-01-21,-0.008137445675703625,0.011717057308983314,-0.01985450298468694,0
3466,Zillow,2000.0,25%,Post-IPO,11/2/2021,Z,2021-11-02,2000.0,25.0,Z:2021-11-02,0,0,0,,-0.0866241140328754,0.008092450268695872,-0.14249193770560864,0.04550214350519341,3.2227350196936833,0.06649702726741391,0.0054062118882719085,2021-11-03,2021-11-09,-0.238532065943869,0.011864184323817861,-0.25039625026768686,0
3454,Peloton,2800.0,20%,Post-IPO,2/8/2022,PTON,2022-02-08,2800.0,20.0,PTON:2022-02-08,0,0,0,,0.3301213365054405,0.08437595624097027,-0.2622723650027957,0.11251822561864626,5.230427224544166,-0.03129892978808302,0.012764020414475346,2022-02-09,2022-02-15,-0.10786156180275197,-0.010733391583306662,-0.09712817021944531,0
3428,Sea,350.0,,Post-IPO,3/30/2022,SEA,2022-03-30,350.0,,SEA:2022-03-30,0,1,0,,-0.02592996330312236,0.0068392473624760974,,0.019873927001055332,1.2729575680810639,0.050777499389460745,0.014301780669105313,2022-03-31,2022-04-06,-0.09124280474024349,-0.026553392055231217,-0.06468941268501227,0
3426,Legible,23.0,38%,Post-IPO,4/15/2022,LEBGF,2022-04-15,23.0,38.0,LEBGF:2022-04-15,0,0,0,,-0.045500024475156886,-0.23640000820159923,-0.48516719561503985,0.048453005639837184,0.0,-0.004353059349070709,0.010557160793020692,2022-04-18,2022-04-22,-0.36720793762775106,-0.0268394476050563,-0.34036849002269476,0
3409,Blend,200.0,10%,Post-IPO,4/19/2022,BLND,2022-04-19,200.0,10.0,BLND:2022-04-19,0,0,0,,0.09170307495422159,-0.20634923037728115,-0.28977272342428684,0.05055268972491487,0.6521888875443316,0.001462512317678355,0.010902753252041847,2022-04-20,2022-04-26,-0.07399997711181638,-0.06502772282722658,-0.008972254284589809,0
3402,Robinhood,340.0,9%,Post-IPO,4/26/2022,HOOD,2022-04-26,340.0,9.0,HOOD:2022-04-26,0,0,0,,-0.1349481282863504,-0.21935990066897904,-0.2144540173138717,0.07100927633601743,0.7016062280078033,-0.08732001372448006,0.012778288075653937,2022-04-27,2022-05-03,0.010000038146972923,0.0006728108466735883,0.009327227300299334,1
3377,Carvana,2500.0,12%,Post-IPO,5/10/2022,CVNA,2022-05-10,2500.0,12.0,CVNA:2022-05-10,0,0,0,,-0.3601953410521126,-0.6539949022818914,-0.7405023046735371,0.06696993363264174,1.4182988495793938,-0.09281225811989557,0.01959960075966162,2022-05-11,2022-05-17,0.13413300623794777,0.023127720476517455,0.11100528576143032,1
3380,Latch,30.0,6%,Post-IPO,5/11/2022,LTCH,2022-05-11,30.0,6.0,LTCH:2022-05-11,0,0,0,,-0.31304352092682763,-0.3559783036505447,-0.5659340899265968,0.04892910743579972,1.057078230547971,-0.1039037913505162,0.01975651993905008,2022-05-12,2022-05-18,-0.0632910819375283,-0.0022661897756290905,-0.061024892161899214,0
3400,Netflix,25.0,,Post-IPO,5/11/2022,NFLX,2022-05-11,25.0,,NFLX:2022-05-11,0,1,0,,-0.1845007651926669,-0.5165068525421614,-0.5804776331313135,0.08445248259766608,0.5311575674488962,-0.1039037913505162,0.01975651993905008,2022-05-12,2022-05-18,0.06503581108293766,-0.0022661897756290905,0.06730200085856675,1
3364,Netflix,150.0,1%,Post-IPO,5/17/2022,NFLX,2022-05-17,150.0,1.0,NFLX:2022-05-17,0,0,1,6.0,0.07261054564275637,-0.4533719708988312,-0.5129955028709425,0.08859135221726257,0.3949612024908465,-0.08250912362042273,0.020653461838781736,2022-05-18,2022-05-24,-0.05363136923931866,-0.03534016253969441,-0.01829120669962425,0
3359,Latch,130.0,28%,Post-IPO,5/21/2022,LTCH,2022-05-21,130.0,28.0,LTCH:2022-05-21,0,0,1,10.0,-0.12749001372854074,-0.3615160307297214,-0.5654761758340818,0.04774627148515227,0.6319726150267693,-0.08546135043558023,0.021480154480712915,2022-05-23,2022-05-27,0.03652964457343,0.06578031284240815,-0.029250668268978153,0
3352,PayPal,83.0,,Post-IPO,5/25/2022,PYPL,2022-05-25,83.0,,PYPL:2022-05-25,0,1,0,,0.03809280301686213,-0.03014173866594949,-0.24777020059593613,0.04505479980657655,0.7147195027826299,-0.04769100911764079,0.02131559071253744,2022-05-26,2022-06-02,0.10234641600844396,0.050381072530296445,0.05196534347814752,1
3335,VTEX,200.0,13%,Post-IPO,5/26/2022,VTEX,2022-05-26,200.0,13.0,VTEX:2022-05-26,0,0,0,,-0.0069124904962182265,-0.2062614955738885,-0.44601544645900304,0.04393018690749094,0.5042787550510076,-0.052593420579390426,0.020987588338595743,2022-05-27,2022-06-03,0.11368915416720826,0.012903635987765893,0.10078551817944237,1
3408,Lemonade,52.0,,Post-IPO,5/27/2022,LMND,2022-05-27,52.0,,LMND:2022-05-27,0,1,0,,0.09017558832698991,0.10115046218914636,0.1276386041729265,0.07516253210465805,0.9524819903834637,0.007912626041465032,0.020160891944257547,2022-05-31,2022-06-06,-0.0966477744761538,-0.008356156332005371,-0.08829161814414843,0
3441,Adaptive Biotechnologies,100.0,12%,Post-IPO,5/29/2022,ADPT,2022-05-29,100.0,12.0,ADPT:2022-05-29,0,0,0,,0.06614788928125725,-0.003636331269235349,-0.37632776352813746,0.07204242877114098,0.6881724272446005,0.007912626041465032,0.020160891944257547,2022-05-31,2022-06-06,-0.17274939539718737,-0.008356156332005371,-0.164393239065182,0
3325,SWVL,400.0,32%,Post-IPO,5/30/2022,SWVL,2022-05-30,400.0,32.0,SWVL:2022-05-30,0,0,0,,-0.03168316831683171,-0.4307334109429569,-0.5070564516129032,0.09063197970587715,0.408195373118318,0.007912626041465032,0.020160891944257547,2022-05-31,2022-06-06,-0.03885480572597133,-0.008356156332005371,-0.03049864939396596,0
3319,Playtika,250.0,6%,Post-IPO,5/31/2022,PLTK,2022-05-31,250.0,6.0,PLTK:2022-05-31,0,0,0,,0.07318823790812656,-0.15852283274930534,-0.16327697504358762,0.054841340614123615,0.4477733794573815,-0.0037398300739832635,0.020163727572434374,2022-06-01,2022-06-07,-0.02903443872338307,0.006805035405933912,-0.035839474129316984,0
3277,Bird,138.0,23%,Post-IPO,6/7/2022,BIRD,2022-06-07,138.0,23.0,BIRD:2022-06-07,0,0,0,,-0.009157455895274391,0.09736307742102812,0.007448761889165434,0.06126901252514451,1.1609025254564214,0.044126816067727725,0.016457693000957955,2022-06-08,2022-06-14,-0.17744915866833477,-0.10071189315646045,-0.07673726551187432,0
3273,Cazoo,750.0,15%,Post-IPO,6/7/2022,CZOOF,2022-06-07,750.0,15.0,CZOOF:2022-06-07,0,0,0,,-0.0444444444444444,0.08403361344537807,-0.4669421487603306,0.05931353302306849,2.5295295986737583,0.044126816067727725,0.016457693000957955,2022-06-08,2022-06-14,-0.27945736434108526,-0.10071189315646045,-0.1787454711846248,0
3257,Stitch Fix,330.0,15%,Post-IPO,6/9/2022,SFIX,2022-06-09,330.0,15.0,SFIX:2022-06-09,0,0,1,738.0,-0.11187214537305756,0.06721539787645892,-0.21493437642786506,0.07123236625570153,2.5618807476338707,0.022126030819652698,0.01723938225318838,2022-06-10,2022-06-16,-0.20951157718298707,-0.08666311772446322,-0.12284845945852385,0
3233,Coinbase,1100.0,18%,Post-IPO,6/14/2022,COIN,2022-06-14,1100.0,18.0,COIN:2022-06-14,0,0,0,,-0.25858844247066926,-0.16401942960693472,-0.7225986815434797,0.077727047243602,1.2877808106230115,-0.0655351936574946,0.019432027349945032,2022-06-15,2022-06-22,0.006397789931033682,0.0057165804762351335,0.0006812094547985481,1
3235,Compass,450.0,10%,Post-IPO,6/14/2022,COMP,2022-06-14,450.0,10.0,COMP:2022-06-14,0,0,0,,-0.30049259078071,-0.19165080753323094,-0.36888885498046875,0.06634497086940788,1.0585450046585512,-0.0655351936574946,0.019432027349945032,2022-06-15,2022-06-22,-0.07746482262777998,0.0057165804762351335,-0.08318140310401512,0
3198,TaskUs,52.0,0%,Post-IPO,6/21/2022,TASK,2022-06-21,52.0,0.0,TASK:2022-06-21,0,0,0,,-0.0856287594626498,-0.32253775526540385,-0.6156556799092938,0.05941906209116954,1.3990263930810898,-0.03321035788940563,0.019446654937605837,2022-06-22,2022-06-28,0.10216113973341234,0.014877187245887935,0.08728395248752441,1
3175,Netflix,300.0,3%,Post-IPO,6/23/2022,NFLX,2022-06-23,300.0,3.0,NFLX:2022-06-23,0,0,2,37.0,0.0088834517938301,0.007596713276876388,-0.5199334577183998,0.03930622996900042,1.0175469290740495,-0.03604275944099,0.019010433405341056,2022-06-24,2022-06-30,-0.037642399045979213,-0.0021425659160430044,-0.03549983312993621,0
3190,Sprinklr,50.0,,Post-IPO,6/25/2022,CXM,2022-06-25,50.0,,CXM:2022-06-25,0,1,0,,0.17581295888306925,0.05565690278778335,-0.0555102289939412,0.0551149017881119,0.583454262678059,-0.014105238566559763,0.020325296857402066,2022-06-27,2022-07-01,-0.1261884249487144,-0.022662201602210774,-0.10352622334650363,0
3161,AppLovin,300.0,12%,Post-IPO,6/27/2022,APP,2022-06-27,300.0,12.0,APP:2022-06-27,0,0,0,,0.1444776164951609,0.052429311869666595,-0.30681614173486305,0.06509274409350327,0.44269003008176,-0.0371108990063822,0.01975085176393931,2022-06-28,2022-07-05,-0.07772560068795886,-0.017061593110247908,-0.060664007577710954,0
3164,Cue,170.0,,Post-IPO,6/27/2022,CUE,2022-06-27,170.0,,CUE:2022-06-27,0,1,0,,-0.020618590937398262,-0.20391062583553055,-0.39232408063624924,0.05599156481893868,0.8884759854467257,-0.0371108990063822,0.01975085176393931,2022-06-28,2022-07-05,-0.07017543859649122,-0.017061593110247908,-0.053113845486243316,0
3162,UiPath,210.0,5%,Post-IPO,6/27/2022,PATH,2022-06-27,210.0,5.0,PATH:2022-06-27,0,0,0,,0.15772356244328334,0.1879867160271813,-0.2644628120885967,0.06308487032404295,0.8491527797531352,-0.0371108990063822,0.01975085176393931,2022-06-28,2022-07-05,-0.037921411523671344,-0.017061593110247908,-0.020859818413423437,0
3135,Unity,200.0,4%,Post-IPO,6/29/2022,U,2022-06-29,200.0,4.0,U:2022-06-29,0,0,0,,0.008935468603004537,-0.011258462576837935,-0.6004852285756463,0.07670372810493849,0.6744855359091,-0.07494511118664238,0.019164437332230028,2022-06-30,2022-07-07,0.12626512666928003,0.0227429190636792,0.10352220760560082,1
3094,Shopify,50.0,,Post-IPO,7/6/2022,SHOP,2022-07-06,50.0,,SHOP:2022-07-06,0,1,1,691.0,-0.056700736757361425,-0.08380010360253098,-0.48693263215460814,0.05729442960912176,0.6850233718795093,-0.06528681020952098,0.018545090296525592,2022-07-07,2022-07-13,-0.026937026785316398,-0.011532992297471623,-0.015404034487844775,0
3066,Arrival,,30%,Post-IPO,7/14/2022,ARVLF,2022-07-14,,30.0,ARVLF:2022-07-14,1,0,0,,-0.09999999999999998,0.05882352941176472,-0.49295774647887325,0.061874213976706546,1.3436378809437264,0.015172255584908534,0.014735169557003925,2022-07-15,2022-07-21,0.24305555555555558,0.055251254446768705,0.18780430110878688,1
3026,Lyft,60.0,2%,Post-IPO,7/20/2022,LYFT,2022-07-20,60.0,2.0,LYFT:2022-07-20,0,0,1,812.0,0.1750599152929868,0.0020449715620431963,-0.5566948167398028,0.04857054941882,1.0994068344352805,0.05252350200277944,0.013113083332504738,2022-07-21,2022-07-27,-0.09455778283563965,0.015882444890932934,-0.11044022772657258,0
2992,Fiverr,60.0,8%,Post-IPO,7/26/2022,FVRR,2022-07-26,60.0,8.0,FVRR:2022-07-26,0,0,0,,-0.03554638812952304,-0.17012131720450585,-0.4115432641637129,0.0641368949941949,1.132954652271415,0.0059188926085393945,0.011722046665284683,2022-07-27,2022-08-02,0.05696006176021262,0.043925438285058016,0.013034623475154605,1
2990,Shopify,1000.0,10%,Post-IPO,7/26/2022,SHOP,2022-07-26,1000.0,10.0,SHOP:2022-07-26,0,0,2,20.0,-0.08204829160492433,-0.15463144183110378,-0.28826024483493096,0.06486173356441789,2.207479735252646,0.0059188926085393945,0.011722046665284683,2022-07-27,2022-08-02,0.1961965955972227,0.043925438285058016,0.15227115731216467,1
2986,Rivian,840.0,6%,Post-IPO,7/27/2022,RIVN,2022-07-27,840.0,6.0,RIVN:2022-07-27,0,0,0,,-0.022296985934906588,0.1859947607627217,0.05853169853875273,0.038219412636803146,0.6633133882662118,0.05356604913091911,0.011978937590046167,2022-07-28,2022-08-03,0.14308035211528614,0.03343831738802172,0.10964203472726441,1
2972,MissFresh,,,Post-IPO,7/29/2022,MFLTY,2022-07-29,,,MFLTY:2022-07-29,1,1,0,,-0.6028295408673675,-0.5486274476315935,-0.6709548384247308,0.1407504718897419,2.9063837711599225,0.09208732665383046,0.012077130686090726,2022-08-01,2022-08-05,0.6029538770188247,0.0035925536530967417,0.599361323365728,1
2978,Allbirds,23.0,,Post-IPO,7/30/2022,BIRD,2022-07-30,23.0,,BIRD:2022-07-30,0,1,1,53.0,0.005870841153168271,0.307888114710382,-0.058608005345824,0.04575073665564514,1.0381187936838014,0.09208732665383046,0.012077130686090726,2022-08-01,2022-08-05,0.02529179907372492,0.0035925536530967417,0.021699245420628177,1
2942,Robinhood,713.0,23%,Post-IPO,8/2/2022,HOOD,2022-08-02,713.0,23.0,HOOD:2022-08-02,0,0,1,98.0,0.09489907569390832,0.09880951921415426,-0.1300659904896826,0.033623180055569364,1.2268648254461494,0.06833176268731456,0.012314652009736804,2022-08-03,2022-08-09,0.09425795042050544,0.008062385751824941,0.0861955646686805,1
3007,Owlet,,,Post-IPO,8/2/2022,OWLT,2022-08-02,,,OWLT:2022-08-02,1,1,0,,0.06153847443684657,0.16949147454440117,-0.4876237829102781,0.04975844611016573,0.7990073257451022,0.06833176268731456,0.012314652009736804,2022-08-03,2022-08-09,0.019323719190362798,0.008062385751824941,0.011261333438537857,1
2953,Butterfly Network,,10%,Post-IPO,8/3/2022,BFLY,2022-08-03,,10.0,BFLY:2022-08-03,1,0,0,,0.32242980606432114,0.6745561111758493,0.8929765315582872,0.059397756821895194,2.4704501786013644,0.08140910475812557,0.01261694569357657,2022-08-04,2022-08-10,0.18197884056115132,0.013367110230495305,0.16861173033065602,1
2954,FuboTV,,,Post-IPO,8/3/2022,FUBO,2022-08-03,,,FUBO:2022-08-03,1,1,0,,0.17741937654695672,0.1587301977757818,-0.10153843806340146,0.05757830154806615,1.3755833003431501,0.08140910475812557,0.01261694569357657,2022-08-04,2022-08-10,0.31506851104661826,0.013367110230495305,0.30170140081612296,1
2936,Beyond Meat,40.0,4%,Post-IPO,8/4/2022,BYND,2022-08-04,40.0,4.0,BYND:2022-08-04,0,0,0,,-0.0012726823374268337,-0.011649848581179234,0.007542917251180281,0.05654039819507105,1.6513165742014877,0.06473156281289794,0.012383245303366873,2022-08-05,2022-08-11,0.16788789908854307,0.014052541296590615,0.15383535779195245,1
2943,Latch,115.0,37%,Post-IPO,8/4/2022,LTCH,2022-08-04,115.0,37.0,LTCH:2022-08-04,0,0,2,75.0,-0.1825396990589846,-0.2196970223778405,-0.6254545558582653,0.044220685734607995,2.5238559431928955,0.06473156281289794,0.012383245303366873,2022-08-05,2022-08-11,0.21359226671956622,0.014052541296590615,0.1995397254229756,1
2928,RingCentral,50.0,,Post-IPO,8/4/2022,RNG,2022-08-04,50.0,,RNG:2022-08-04,0,1,0,,-0.07302319213587238,-0.17369312973732243,-0.28633860264944533,0.05017546115471812,1.829429751284557,0.06473156281289794,0.012383245303366873,2022-08-05,2022-08-11,0.03530619035099791,0.014052541296590615,0.021253649054407298,1
2923,10X Genomics,100.0,8%,Post-IPO,8/4/2022,TXG,2022-08-04,100.0,8.0,TXG:2022-08-04,0,0,0,,0.0666666602929038,-0.19072064556370438,-0.1021097045734356,0.05671899640897196,0.5313431108796899,0.06473156281289794,0.012383245303366873,2022-08-05,2022-08-11,0.13533830206001718,0.014052541296590615,0.12128576076342656,1
2907,Groupon,500.0,15%,Post-IPO,8/8/2022,GRPN,2022-08-08,500.0,15.0,GRPN:2022-08-08,0,0,1,847.0,0.20818819151774792,0.42695468153509,0.08955226899579971,0.05569896806808636,2.2721385313714277,0.07485086097490279,0.01196879633297392,2022-08-09,2022-08-15,-0.07209805394743818,0.0384272646759265,-0.11052531862336468,0
2912,Perion,20.0,5%,Post-IPO,8/8/2022,PERI,2022-08-08,20.0,5.0,PERI:2022-08-08,0,0,0,,0.10542962954100066,0.15410012247130656,0.1579237220659273,0.03781689015085835,1.184637652646815,0.07485086097490279,0.01196879633297392,2022-08-09,2022-08-15,0.05960896714021113,0.0384272646759265,0.021181702464284635,1
2899,Absci,40.0,,Post-IPO,8/9/2022,ABSI,2022-08-09,40.0,,ABSI:2022-08-09,0,1,0,,0.11428574153355209,0.24600637468796127,0.0985915909161581,0.032120549149793794,2.032556528623027,0.08014044618639171,0.011747653196433347,2022-08-10,2022-08-16,0.17435892607960501,0.04460927867284559,0.12974964740675943,1
2905,Shift,,,Post-IPO,8/9/2022,FOUR,2022-08-09,,,FOUR:2022-08-09,1,1,0,,0.18370518547406078,0.4739902361007904,0.03941671374559985,0.03328040205410255,0.8324992363901225,0.08014044618639171,0.011747653196433347,2022-08-10,2022-08-16,0.12647962719987915,0.04460927867284559,0.08187034852703357,1
2904,Kaltura,,10%,Post-IPO,8/9/2022,KLTR,2022-08-09,,10.0,KLTR:2022-08-09,1,0,0,,-0.04799995422363279,0.18407966454387137,0.5555556594416486,0.07836291614630046,0.6639603374951673,0.08014044618639171,0.011747653196433347,2022-08-10,2022-08-16,0.0252100587791928,0.04460927867284559,-0.019399219893652786,0
2892,Nutanix,270.0,4%,Post-IPO,8/9/2022,NTNX,2022-08-09,270.0,4.0,NTNX:2022-08-09,0,0,0,,0.05975845908536992,0.1278755329816783,-0.19116935552533232,0.02915446499298751,0.7998483475211337,0.08014044618639171,0.011747653196433347,2022-08-10,2022-08-16,0.08218361325514612,0.04460927867284559,0.03757433458230053,1
2906,Sweetgreen,,,Post-IPO,8/9/2022,SG,2022-08-09,,,SG:2022-08-09,1,1,0,,-0.012309442617034483,0.17667602936890714,-0.0447845258227334,0.04943718620697636,1.632766694783906,0.08014044618639171,0.011747653196433347,2022-08-10,2022-08-16,0.24332345926701437,0.04460927867284559,0.1987141805941688,1
2894,Wix,100.0,,Post-IPO,8/9/2022,WIX,2022-08-09,100.0,,WIX:2022-08-09,0,1,0,,0.11170378216191823,0.059140556288962864,0.08675723719460127,0.04102203056818454,1.9865043981202555,0.08014044618639171,0.011747653196433347,2022-08-10,2022-08-16,0.08928322406224831,0.04460927867284559,0.044673945389402725,1
2910,Warby Parker,63.0,,Post-IPO,8/9/2022,WRBY,2022-08-09,63.0,,WRBY:2022-08-09,0,1,0,,0.10166668891906738,0.14162351935472972,-0.23139536740523192,0.03947899276973275,1.9997756971757181,0.08014044618639171,0.011747653196433347,2022-08-10,2022-08-16,0.35552191485102447,0.04460927867284559,0.3109126361781789,1
2884,Guidewire,,2%,Post-IPO,8/12/2022,GWRE,2022-08-12,,2.0,GWRE:2022-08-12,1,0,0,,0.04486939973730375,0.16055506736886338,0.023218082588695177,0.020908513674689665,0.7851972324797035,0.10897613544496942,0.0119386281260306,2022-08-15,2022-08-19,-0.06026597984432569,-0.01161327969056647,-0.04865270015375922,0
2875,Peloton,784.0,13%,Post-IPO,8/12/2022,PTON,2022-08-12,784.0,13.0,PTON:2022-08-12,0,0,1,185.0,0.14758267826530935,0.5955189225638906,-0.12990356482228504,0.07912501325307068,2.1092588903464424,0.10897613544496942,0.0119386281260306,2022-08-15,2022-08-19,-0.13451587071277393,-0.01161327969056647,-0.12290259102220746,0
2871,ContraFect,16.0,37%,Post-IPO,8/15/2022,CFRXQ,2022-08-15,16.0,37.0,CFRXQ:2022-08-15,0,0,0,,0.06351955801946252,-0.23400002717971802,-0.9030379792945237,0.03692040580643233,1.8800590964895854,0.122817117343893,0.01151476059789969,2022-08-16,2022-08-22,-0.13838113623420178,-0.03616569981724116,-0.10221543641696063,0
2870,Blend,220.0,12%,Post-IPO,8/16/2022,BLND,2022-08-16,220.0,12.0,BLND:2022-08-16,0,0,1,119.0,0.21160405168361351,0.21160405168361351,0.005665717022269368,0.08887128595612624,3.776955797023844,0.09541914453180289,0.010402142789370768,2022-08-17,2022-08-23,-0.18873235123234533,-0.040376877596274174,-0.14835547363607116,0
2872,ThredUp,,15%,Post-IPO,8/16/2022,TDUP,2022-08-16,,15.0,TDUP:2022-08-16,1,0,0,,0.20538716808742463,0.7635467853012476,-0.18820860599192946,0.06767938142718206,1.7393350524055573,0.09541914453180289,0.010402142789370768,2022-08-17,2022-08-23,-0.31843572368165174,-0.040376877596274174,-0.27805884608537756,0
2848,Wayfair,870.0,5%,Post-IPO,8/19/2022,W,2022-08-19,870.0,5.0,W:2022-08-19,0,0,0,,-0.16919271291674676,0.10164247964315365,0.2526917254259431,0.0906669166785389,2.225040472993797,0.06846523008033478,0.010915818141509223,2022-08-22,2022-08-26,-0.06191894199659298,-0.039868156874420024,-0.022050785122172956,0
2825,Okta,24.0,,Post-IPO,8/26/2022,OKTA,2022-08-26,24.0,,OKTA:2022-08-26,0,1,0,,-0.028375384611968646,-0.0504824148843952,0.10718942341639459,0.03373391976541676,1.1073297189800895,-0.016213728897566226,0.012752151228536773,2022-08-29,2022-09-02,-0.30862221937838397,-0.03224698845068452,-0.27637523092769944,0
2804,Snap,1280.0,20%,Post-IPO,8/30/2022,SNAP,2022-08-30,1280.0,20.0,SNAP:2022-08-30,0,0,0,,-0.05566038975048482,0.014184432112060108,-0.30917871725339685,0.04137548182281611,1.2400668037374207,-0.02413867395239666,0.012950453921403517,2022-08-31,2022-09-07,0.1448551224885546,-0.0010797247277388733,0.14593484721629346,1
2805,GoodRx,140.0,16%,Post-IPO,8/31/2022,GDRX,2022-08-31,140.0,16.0,GDRX:2022-08-31,0,0,0,,-0.012944971833043106,-0.061538476210374116,-0.19098144091589164,0.04557546136657524,0.3557036218574435,-0.04649551194060453,0.012395003308569689,2022-09-01,2022-09-08,0.05901641625289322,0.013158619017961337,0.045857797234931885,1
2801,Shopify,70.0,,Post-IPO,9/1/2022,SHOP,2022-09-01,70.0,,SHOP:2022-09-01,0,1,3,37.0,-0.08940010719810265,-0.2376889295756861,-0.1787046441137251,0.040019953098909364,0.9722796362519486,-0.042856611853386406,0.012450584544480264,2022-09-02,2022-09-09,0.11320757479069488,0.025679916586249796,0.08752765820444508,1
2798,Sea,,,Post-IPO,9/2/2022,SEA,2022-09-02,,,SEA:2022-09-02,1,1,1,156.0,-0.07824220386746217,-0.15142850074587133,-0.18844666708611202,0.014497343976808711,2.7945205479452055,-0.051345963942511674,0.012591354277138004,2022-09-06,2022-09-12,0.0015356724453383652,0.04775127059596418,-0.046215598150625814,0
2780,BigBear.ai,,7%,Post-IPO,9/8/2022,BBAI,2022-09-08,,7.0,BBAI:2022-09-08,1,0,0,,-0.14935066543555964,-0.3450000286102295,-0.7101770025868416,0.05011164431068209,0.42408154931126013,-0.04669168695444226,0.01247599533745012,2022-09-09,2022-09-15,0.15267179879363835,-0.025625674797909226,0.17829747359154757,1
3274,Cazoo,750.0,15%,Post-IPO,9/8/2022,CZOOF,2022-09-08,750.0,15.0,CZOOF:2022-09-08,0,0,1,93.0,0.02548518380453113,-0.27254576642229933,-0.3280582761301578,0.05929072289900027,5.328372862088565,-0.04669168695444226,0.01247599533745012,2022-09-09,2022-09-15,-0.07513365385683823,-0.025625674797909226,-0.04950797905892901,0
2784,Uber,60.0,,Post-IPO,9/8/2022,UBER,2022-09-08,60.0,,UBER:2022-09-08,0,1,4,803.0,0.06675939016042887,-0.06463411528038665,0.4223458849903243,0.02433928588857293,1.4002225607635663,-0.04669168695444226,0.01247599533745012,2022-09-09,2022-09-15,0.07985660816718232,-0.025625674797909226,0.10548228296509155,1
2766,Rent the Runway,,24%,Post-IPO,9/12/2022,RENT,2022-09-12,,24.0,RENT:2022-09-12,1,0,0,,0.27390176395738064,-0.06805297136063815,0.46726194868823234,0.055503381638346096,3.0154307619706384,-0.037766433311411496,0.01270419164618789,2022-09-13,2022-09-19,-0.4107505134559386,-0.0506700728539804,-0.3600804406019582,0
2758,Taboola,100.0,6%,Post-IPO,9/13/2022,TBLA,2022-09-13,100.0,6.0,TBLA:2022-09-13,0,0,0,,-0.0240963624697752,-0.17627117712584706,-0.0507812027062744,0.0249967789380933,0.7944356771289964,-0.0833839240728762,0.015646131236328797,2022-09-14,2022-09-20,-0.1399177544227872,-0.01890673390038866,-0.12101102052239854,0
2751,Twilio,800.0,11%,Post-IPO,9/14/2022,TWLO,2022-09-14,800.0,11.0,TWLO:2022-09-14,0,0,0,,0.1483063250151211,-0.10131397762906102,-0.07200661347399073,0.04159657679400646,3.1905782348944656,-0.08168495326471747,0.015690216887167607,2022-09-15,2022-09-21,-0.06630752966530085,-0.03968502777783456,-0.026622501887466288,0
2746,LivePerson,193.0,11%,Post-IPO,9/15/2022,LPSN,2022-09-15,193.0,11.0,LPSN:2022-09-15,0,0,0,,0.0033840430592175785,-0.1001517620505652,-0.1021953097337911,0.04965734634276619,0.7417281657975198,-0.0856205304758233,0.01576122665902344,2022-09-16,2022-09-22,-0.19139960068116468,-0.03681629164937972,-0.15458330903178497,0
2754,Netflix,30.0,,Post-IPO,9/16/2022,NFLX,2022-09-16,30.0,,NFLX:2022-09-16,0,1,3,85.0,0.028085804147464533,-0.020557152425060177,0.3423333093079979,0.0346389860815432,2.3267617831511456,-0.09522581509402384,0.015681939493053524,2022-09-19,2022-09-23,-0.05713570618841013,-0.045674068084148756,-0.011461638104261374,0
2734,Compass,271.0,,Post-IPO,9/20/2022,COMP,2022-09-20,271.0,,COMP:2022-09-20,0,1,1,98.0,-0.1677631568628004,-0.2425149591601099,-0.37684728890471564,0.048976534846894806,0.9856248167389686,-0.06697047457199667,0.015391811552748222,2022-09-21,2022-09-27,-0.07905140314047221,-0.053919695992749594,-0.025131707147722615,0
2738,Ouster,,10%,Post-IPO,9/24/2022,OUST,2022-09-24,,10.0,OUST:2022-09-24,1,0,0,,-0.1610169950417828,-0.34868422745007255,-0.40000002311937743,0.048424397252320214,0.7214463101774852,-0.11930260110937585,0.01520277131115841,2022-09-26,2022-09-30,-0.027272678231621716,-0.029270144604500725,0.0019974663728790087,1
2718,DocuSign,671.0,9%,Post-IPO,9/28/2022,DOCU,2022-09-28,671.0,9.0,DOCU:2022-09-28,0,0,0,,0.013003716465421533,-0.05565986577632309,-0.15324553533833485,0.04045016615445954,0.7401794432824433,-0.06568887361579745,0.014744740641291998,2022-09-29,2022-10-05,-0.02567351199394996,0.017704358986970536,-0.0433778709809205,0
2692,Peloton,500.0,12%,Post-IPO,10/6/2022,PTON,2022-10-06,500.0,12.0,PTON:2022-10-06,0,0,2,55.0,0.2524822247963161,-0.029670378730255242,-0.011198250621757166,0.07886049813679971,1.3216511216973355,-0.06405648883734927,0.017820548788869496,2022-10-07,2022-10-13,-0.013590021132040553,-0.019373160189266825,0.005783139057226272,1
2699,Spotify,,,Post-IPO,10/6/2022,SPOT,2022-10-06,,,SPOT:2022-10-06,1,1,0,,0.062298524761093876,-0.12293211891671307,-0.07015420974398501,0.03651702664007357,0.9103858855693745,-0.06405648883734927,0.017820548788869496,2022-10-07,2022-10-13,-0.10406502410971374,-0.019373160189266825,-0.08469186392044692,0
2666,Salesforce,90.0,,Post-IPO,10/13/2022,CRM,2022-10-13,90.0,,CRM:2022-10-13,0,1,1,778.0,-0.06445382557459589,-0.06034372332949389,-0.20284998237884333,0.022524027298541492,0.9283744232747151,-0.058050582970325504,0.016642584185729753,2022-10-14,2022-10-20,0.08292072975476872,-0.0015301288805547042,0.08445085863532342,1
2662,Beyond Meat,200.0,19%,Post-IPO,10/14/2022,BYND,2022-10-14,200.0,19.0,BYND:2022-10-14,0,0,1,71.0,-0.05287439190460452,-0.27036632550236095,-0.6487233278444355,0.05519239582445738,0.9436068180210136,-0.07244005018569555,0.0172071066431766,2022-10-17,2022-10-21,-0.053578148819823146,0.04658437483344935,-0.1001625236532725,0
2644,Arrival,,,Post-IPO,10/21/2022,ARVLF,2022-10-21,,,ARVLF:2022-10-21,1,1,1,99.0,0.047741644986645015,-0.1949459061107388,-0.5679375171661377,0.05102251292867327,1.2387007811142974,0.017230819923426566,0.01853586326231001,2022-10-24,2022-10-28,0.09952271309358873,0.039354408226147,0.060168304867441735,1
2618,Zillow,300.0,5%,Post-IPO,10/26/2022,Z,2022-10-26,300.0,5.0,Z:2022-10-26,0,0,1,358.0,0.06789696412119084,0.030577951626793443,-0.15625855945691303,0.037499585125365734,1.110764115329151,0.03100954133727929,0.01844133961497526,2022-10-27,2022-11-02,-0.038148029781006954,-0.018716210394813415,-0.01943181938619354,0
2591,Upstart,140.0,7%,Post-IPO,11/1/2022,UPST,2022-11-01,140.0,7.0,UPST:2022-11-01,0,0,0,,-0.06770397661324357,-0.015541757298191627,-0.3129842032289101,0.0537179041117746,1.006544334230527,0.0173294166639526,0.015948261368255633,2022-11-02,2022-11-08,-0.14118173883605278,-0.0065536563161383565,-0.13462808251991443,0
2578,Opendoor,550.0,18%,Post-IPO,11/2/2022,OPEN,2022-11-02,550.0,18.0,OPEN:2022-11-02,0,0,0,,-0.14232213617325873,-0.2888198939422356,-0.5782688703042406,0.06053899976369321,1.3162089103270995,-0.005887180389385183,0.01697628936892507,2022-11-03,2022-11-09,-0.3406113468921669,-0.001973871940888605,-0.3386374749512783,0
2571,Affirm,,1%,Post-IPO,11/3/2022,AFRM,2022-11-03,,1.0,AFRM:2022-11-03,1,0,0,,-0.19156161989207288,-0.2042959680563271,-0.5467645288319766,0.05993106011441417,0.9799929837963621,-0.005868274396087281,0.016975697180950218,2022-11-04,2022-11-10,-0.10077986187683796,0.06382573754157694,-0.1646055994184149,0
2566,Lyft,700.0,13%,Post-IPO,11/3/2022,LYFT,2022-11-03,700.0,13.0,LYFT:2022-11-03,0,0,2,106.0,-0.062200946021447434,0.0014598874483302549,-0.2927834774839947,0.05027124304354938,0.9939077666158513,-0.005868274396087281,0.016975697180950218,2022-11-04,2022-11-10,-0.17784260106184546,0.06382573754157694,-0.2416683386034224,0
2573,LiveRamp,,10%,Post-IPO,11/4/2022,RAMP,2022-11-04,,10.0,RAMP:2022-11-04,1,0,0,,-0.1280946808686464,-0.10298996445213204,-0.28602907088418505,0.025909051026801435,1.3122693045917615,0.037376866466702685,0.015941212375926016,2022-11-07,2022-11-11,0.33703696465023825,0.05888148930015591,0.27815547535008234,1
2555,Varonis,110.0,5%,Post-IPO,11/6/2022,VRNS,2022-11-06,110.0,5.0,VRNS:2022-11-06,0,0,0,,-0.40703702855993196,-0.3816144995629822,-0.4785016341690502,0.08747360037542239,1.589963951860607,0.037376866466702685,0.015941212375926016,2022-11-07,2022-11-11,0.2985634364965497,0.05888148930015591,0.2396819471963938,1
2545,Astra,,16%,Post-IPO,11/8/2022,AZN,2022-11-08,,16.0,AZN:2022-11-08,1,0,0,,0.02472846727159239,0.10904157864240704,-0.08202357874832922,0.013689272510476415,0.9251951288834473,0.06781449751530122,0.015720374783075565,2022-11-09,2022-11-15,0.04271973075987878,0.04316755059092414,-0.0004478198310453596,0
2549,Salesforce,1000.0,1%,Post-IPO,11/8/2022,CRM,2022-11-08,1000.0,1.0,CRM:2022-11-08,0,0,2,26.0,-0.07958942415467962,0.03177388262913161,-0.230084521944371,0.028441849015626467,1.242335046097212,0.06781449751530122,0.015720374783075565,2022-11-09,2022-11-15,0.1017672860376253,0.04316755059092414,0.05859973544670116,1
2539,Coursera,,,Post-IPO,11/9/2022,COUR,2022-11-09,,,COUR:2022-11-09,1,1,0,,0.009577006234350982,0.07843138211397971,-0.05807897758162406,0.031086452921456783,0.5634377870776769,0.04927654831677186,0.01656222144239555,2022-11-10,2022-11-16,0.11936761062584722,0.05698547652232078,0.06238213410352644,1
2526,Meta,11000.0,13%,Post-IPO,11/9/2022,META,2022-11-09,11000.0,13.0,META:2022-11-09,0,0,0,,0.12071994832354815,-0.20415687949922245,-0.4346131149215483,0.06681522943641308,1.5484243833199969,0.04927654831677186,0.01656222144239555,2022-11-10,2022-11-16,0.11589636048366359,0.05698547652232078,0.05891088396134281,1
3294,Tesla,,10%,Post-IPO,11/9/2022,TSLA,2022-11-09,,10.0,TSLA:2022-11-09,1,0,0,,-0.17392315625978372,-0.1825170693826057,-0.42070697161217097,0.04065319879296883,1.4895743150606644,0.04927654831677186,0.01656222144239555,2022-11-10,2022-11-16,0.052536753327608654,0.05698547652232078,-0.004448723194712123,0
2516,Coinbase,60.0,,Post-IPO,11/10/2022,COIN,2022-11-10,60.0,,COIN:2022-11-10,0,1,1,149.0,-0.08745521747021989,-0.2647993560729527,-0.4040262556890064,0.0678209806530826,1.867280345723713,0.07847641250384574,0.01966765329600992,2022-11-11,2022-11-17,-0.04183026963887426,-0.0011400302243601557,-0.04069023941451411,0
2541,RingCentral,,10%,Post-IPO,11/10/2022,RNG,2022-11-10,,10.0,RNG:2022-11-10,1,0,1,98.0,0.13364061760840218,0.09854116564941817,-0.22266697819782777,0.08039275229876486,3.233520366642395,0.07847641250384574,0.01966765329600992,2022-11-11,2022-11-17,0.002167957855206959,-0.0011400302243601557,0.0033079880795671146,1
2517,SoundHound,45.0,10%,Post-IPO,11/10/2022,SOUN,2022-11-10,45.0,10.0,SOUN:2022-11-10,0,0,0,,-0.1409091160317092,-0.43916912466561264,-0.4473684375636131,0.06683531167594457,1.4000555837107032,0.07847641250384574,0.01966765329600992,2022-11-11,2022-11-17,0.07407406706588526,-0.0011400302243601557,0.07521409729024542,1
2542,Spotify,,,Post-IPO,11/10/2022,SPOT,2022-11-10,,,SPOT:2022-11-10,1,1,1,35.0,0.09369772875524274,-0.05093767703264285,-0.3128339781614182,0.04949361013225604,0.7899571922851112,0.07847641250384574,0.01966765329600992,2022-11-11,2022-11-17,0.012876013199902614,-0.0011400302243601557,0.01401604342426277,1
2501,Cardlytics,51.0,,Post-IPO,11/14/2022,CDLX,2022-11-14,51.0,,CDLX:2022-11-14,0,1,0,,0.20574168530590442,-0.38386308501738065,-0.6795931306543246,0.17888896557942294,0.8748364194281073,0.0771495846540442,0.018280756840763832,2022-11-15,2022-11-21,-0.17261905753062845,-0.0013413458867277406,-0.1712777116439007,0
2657,Microsoft,,,Post-IPO,11/14/2022,MSFT,2022-11-14,,,MSFT:2022-11-14,1,1,0,,0.06003417310266568,0.016924227733329245,-0.15586250505823473,0.033798117055585,0.9020426694559784,0.0771495846540442,0.018280756840763832,2022-11-15,2022-11-21,0.0048939505875156275,-0.0013413458867277406,0.006235296474243368,1
2474,Asana,180.0,9%,Post-IPO,11/15/2022,ASAN,2022-11-15,180.0,9.0,ASAN:2022-11-15,0,0,0,,0.27636155240495563,0.07045679146330808,0.09820544731557779,0.07047002108213328,1.292014992755256,0.07372082948729242,0.018221870750112237,2022-11-16,2022-11-22,-0.20335911529502215,0.0035383107415523085,-0.20689742603657446,0
2458,Amazon,10000.0,3%,Post-IPO,11/16/2022,AMZN,2022-11-16,10000.0,3.0,AMZN:2022-11-16,0,0,0,,0.1274669541993645,-0.15599197875942594,-0.2731626530789363,0.042491992095689136,0.8292291226865278,0.07313433786176216,0.018239191827847678,2022-11-17,2022-11-23,-0.03078671137361888,0.017625330758923807,-0.04841204213254269,0
2636,F5,100.0,1%,Post-IPO,11/16/2022,FFIV,2022-11-16,100.0,1.0,FFIV:2022-11-16,0,0,0,,0.1045065085981145,0.041292170890729674,-0.10561550887221449,0.03291995346916047,0.5612181975145637,0.07313433786176216,0.018239191827847678,2022-11-17,2022-11-23,0.05024276375488057,0.017625330758923807,0.03261743299595676,1
2493,Illumina,500.0,5%,Post-IPO,11/16/2022,ILMN,2022-11-16,500.0,5.0,ILMN:2022-11-16,0,0,0,,0.0738476177755305,0.13217405468712728,0.18964274098238199,0.03875983206301323,0.5681779516800107,0.07313433786176216,0.018239191827847678,2022-11-17,2022-11-23,-0.041891370806122485,0.017625330758923807,-0.05951670156504629,0
2511,Offerpad,,7%,Post-IPO,11/16/2022,OPAD,2022-11-16,,7.0,OPAD:2022-11-16,1,0,0,,0.18695646324871018,0.03934011544784588,-0.4975460341893597,0.10532194398979747,0.48278137385015946,0.07313433786176216,0.018239191827847678,2022-11-17,2022-11-23,-0.14407810550052336,0.017625330758923807,-0.16170343625944716,0
2590,Oracle,200.0,,Post-IPO,11/16/2022,ORCL,2022-11-16,200.0,,ORCL:2022-11-16,0,1,0,,0.055908060755082145,0.2049773194501443,0.05091828363549489,0.01799902715372583,0.6626976165857938,0.07313433786176216,0.018239191827847678,2022-11-17,2022-11-23,0.03342093881832264,0.017625330758923807,0.015795608059398836,1
2486,Oatly,,,Post-IPO,11/16/2022,OTLY,2022-11-16,,,OTLY:2022-11-16,1,1,0,,0.03191491520313172,-0.08920186321999501,-0.4138972654727471,0.06419067689767305,1.523032223692955,0.07313433786176216,0.018239191827847678,2022-11-17,2022-11-23,-0.17525771574153537,0.017625330758923807,-0.19288304650045918,0
2473,UiPath,241.0,6%,Post-IPO,11/16/2022,PATH,2022-11-16,241.0,6.0,PATH:2022-11-16,0,0,1,142.0,0.2284360003641137,0.10391825305058,-0.2317724129564479,0.05494763133471541,1.0537462080018316,0.07313433786176216,0.018239191827847678,2022-11-17,2022-11-23,-0.03626545259609504,0.017625330758923807,-0.053890783355018845,0
2893,Quanterix,130.0,25%,Post-IPO,11/16/2022,QTRX,2022-11-16,130.0,25.0,QTRX:2022-11-16,0,0,0,,0.24973551936347427,0.34971433367048,0.26040560980348704,0.06977797806639355,0.7320155248668653,0.07313433786176216,0.018239191827847678,2022-11-17,2022-11-23,-0.0016935188021205416,0.017625330758923807,-0.01931884956104435,0
2459,Cisco,4100.0,5%,Post-IPO,11/17/2022,CSCO,2022-11-17,4100.0,5.0,CSCO:2022-11-17,0,0,0,,0.02036804404817727,0.11699842597881505,-0.0010035085201741678,0.019378825129566152,1.8631599523954627,0.07889776943350801,0.01809188199506935,2022-11-18,2022-11-25,0.03884949889795175,0.02052032122620351,0.018329177671748242,1
2446,Roku,200.0,7%,Post-IPO,11/17/2022,ROKU,2022-11-17,200.0,7.0,ROKU:2022-11-17,0,0,0,,0.016213322880425762,0.08731685979245185,-0.18258226197334548,0.05732450309400758,0.46187633598133154,0.07889776943350801,0.01809188199506935,2022-11-18,2022-11-25,-0.005849991442121283,0.02052032122620351,-0.02637031266832479,0
2436,Carvana,1500.0,8%,Post-IPO,11/18/2022,CVNA,2022-11-18,1500.0,8.0,CVNA:2022-11-18,0,0,1,192.0,-0.32154880566938526,-0.434385950001029,-0.790594959971199,0.14977577602200023,0.9173701868448555,0.05808333662521181,0.01745059484551236,2022-11-21,2022-11-28,-0.07320101200700824,-0.00030297398222067784,-0.07289803802478756,0
2689,BioMarin,120.0,4%,Post-IPO,11/19/2022,BMRN,2022-11-19,120.0,4.0,BMRN:2022-11-19,0,0,0,,0.07485386590021093,-0.01888684076536018,-0.05348344405086314,0.022790384703086686,0.5169658441288091,0.05808333662521181,0.01745059484551236,2022-11-21,2022-11-28,0.11720084236949946,-0.00030297398222067784,0.11750381635172014,1
2422,SWVL,,50%,Post-IPO,11/25/2022,SWVL,2022-11-25,,50.0,SWVL:2022-11-25,1,0,1,179.0,0.04210522300318642,-0.29787238647589775,-0.7477707103559166,0.07062721104413168,0.39512451556903067,0.05881873270891891,0.017055045803746876,2022-11-28,2022-12-02,-0.06565652965416668,0.011383783199938158,-0.07704031285410484,0
2428,Natera,,,Post-IPO,11/28/2022,NTRA,2022-11-28,,,NTRA:2022-11-28,1,1,0,,0.05306006306352318,-0.21296688120803764,-0.23527015484249192,0.04947689674705503,0.5343948369469209,0.0177113374719442,0.016818789270993065,2022-11-29,2022-12-05,0.07677955737102571,0.009294938070415038,0.06748461930061067,1
2391,Codexis,,18%,Post-IPO,11/29/2022,CDXS,2022-11-29,,18.0,CDXS:2022-11-29,1,0,0,,-0.04190472194126671,-0.10498215084786233,-0.25370914234113184,0.07499166752753031,0.9457762503186578,0.02335524998978422,0.01672170773554194,2022-11-30,2022-12-06,0.10934387494163955,-0.003542203752348261,0.11288607869398781,1
2370,DoorDash,1250.0,6%,Post-IPO,11/30/2022,DASH,2022-11-30,1250.0,6.0,DASH:2022-11-30,0,0,0,,0.07970341383228297,0.29157432307729514,0.0003434734315799215,0.04862540168490485,1.2015640745828768,0.06023107903616576,0.01796082894787444,2022-12-01,2022-12-07,-0.07948499687751476,-0.035616265768438904,-0.043868731109075854,0
2382,Elastic,,13%,Post-IPO,11/30/2022,ESTC,2022-11-30,,13.0,ESTC:2022-11-30,1,0,0,,0.06863430702717754,-0.02811309535422457,-0.22583504658476972,0.06184471419216486,2.3244463027046582,0.06023107903616576,0.01796082894787444,2022-12-01,2022-12-07,-0.15035131810293023,-0.035616265768438904,-0.11473505233449133,0
2384,Pinterest,,,Post-IPO,12/1/2022,PINS,2022-12-01,,,PINS:2022-12-01,1,1,0,,0.021973600558228945,0.08943783741103584,0.08990203119226203,0.03890262414739703,0.7973342177428726,0.08672329541011536,0.016733591798001136,2022-12-02,2022-12-08,-0.1157153672127067,-0.027345402580622458,-0.08836996463208424,0
2335,Adobe,100.0,,Post-IPO,12/6/2022,ADBE,2022-12-06,100.0,,ADBE:2022-12-06,0,1,0,,0.013372896546642421,0.10552842508456428,-0.16452213610119681,0.03131667511091071,0.714641271172009,0.03653110381575431,0.01738520020513709,2022-12-07,2022-12-13,0.03415370003639251,0.020668594724577716,0.013485105311814793,1
2333,BuzzFeed,180.0,12%,Post-IPO,12/6/2022,BZFD,2022-12-06,180.0,12.0,BZFD:2022-12-06,0,0,0,,-0.1008403352926398,-0.42780746004082315,-0.3333333085754334,0.05541681762799496,2.0414376321353065,0.03653110381575431,0.01738520020513709,2022-12-07,2022-12-13,-0.04672903651825999,0.020668594724577716,-0.06739763124283771,0
2514,Blend,100.0,6%,Post-IPO,12/8/2022,BLND,2022-12-08,100.0,6.0,BLND:2022-12-08,0,0,2,114.0,-0.11538460127700667,-0.3850267522857106,-0.6278317125884783,0.06938363841199345,1.3137162082199192,0.059096931118401086,0.01661950888108188,2022-12-09,2022-12-15,0.2608696328219047,-0.01668175190842236,0.27755138473032703,1
2309,Bakkt,,15%,Post-IPO,12/10/2022,BKKT,2022-12-10,,15.0,BKKT:2022-12-10,1,0,0,,-0.08695652173913049,-0.11111111111111116,-0.37777777777777777,0.052975210765218876,0.7384267007161128,-0.003572458452905991,0.011387809923933076,2022-12-12,2022-12-16,-0.11904761904761907,-0.020977422414912628,-0.09807019663270644,0
2313,Nerdy,,17%,Post-IPO,12/10/2022,NRDY,2022-12-10,,17.0,NRDY:2022-12-10,1,0,0,,-0.03846156197421824,-0.12663751578907156,-0.2957746226628486,0.05423034585215279,0.7033213689233027,-0.003572458452905991,0.011387809923933076,2022-12-12,2022-12-16,-0.025000000000000022,-0.020977422414912628,-0.004022577585087395,0
2287,Playtika,600.0,15%,Post-IPO,12/10/2022,PLTK,2022-12-10,600.0,15.0,PLTK:2022-12-10,0,0,1,193.0,-0.09272912850486392,-0.11419744305766388,-0.18696888977257597,0.02937207597433329,1.2931694397761568,-0.003572458452905991,0.011387809923933076,2022-12-12,2022-12-16,0.03252045733311948,-0.020977422414912628,0.05349787974803211,1
2366,SQZ Biotech,,60%,Post-IPO,12/10/2022,SQZB,2022-12-10,,60.0,SQZB:2022-12-10,1,0,0,,-0.2516129017372408,-0.5703703903203472,-0.601374593674534,0.07281473389209277,1.0573090243743057,-0.003572458452905991,0.011387809923933076,2022-12-12,2022-12-16,-0.30862068168189927,-0.020977422414912628,-0.28764325926698664,0
2368,Synlogic,,25%,Post-IPO,12/10/2022,SYBX,2022-12-10,,25.0,SYBX:2022-12-10,1,0,0,,-0.114068472929308,0.08709167019659625,-0.3868421390189424,0.07136625286427568,1.2400799156445974,-0.003572458452905991,0.011387809923933076,2022-12-12,2022-12-16,0.03147352737354625,-0.020977422414912628,0.05245094978845888,1
2305,TechTarget,60.0,5%,Post-IPO,12/10/2022,TTGT,2022-12-10,60.0,5.0,TTGT:2022-12-10,0,0,0,,-0.0746463601354761,-0.06754381840835766,-0.3096281806718413,0.025190894857117414,0.8232092082655436,-0.003572458452905991,0.011387809923933076,2022-12-12,2022-12-16,0.01411097054707433,-0.020977422414912628,0.03508839296198696,1
2263,Freshworks,90.0,2%,Post-IPO,12/15/2022,FRSH,2022-12-15,90.0,2.0,FRSH:2022-12-15,0,0,0,,-0.016801075139601496,0.04799427467500772,0.042022803005052234,0.03918380821218077,0.9760870386460655,-0.014717456390215489,0.01269651278999627,2022-12-16,2022-12-22,-0.03896101779668382,-0.0183809305239353,-0.020580087272748515,0
2255, E Inc.,,,Post-IPO,12/19/2022,FCEL,2022-12-19,,,FCEL:2022-12-19,1,1,0,,-0.060518688902089224,-0.08683469238900576,-0.08938545938295828,0.047843995842631236,1.8003009066320803,-0.03601989742873868,0.012960495707074292,2022-12-20,2022-12-27,-0.2116564819193495,0.0036313557987779355,-0.21528783771812743,0
2276,Viant,46.0,13%,Post-IPO,12/21/2022,DSP,2022-12-21,46.0,13.0,DSP:2022-12-21,0,0,0,,0.05491331072996619,-0.06410256253505209,-0.12679419969781291,0.037036423475207816,3.749305684132568,-0.029748606910482756,0.013065260312511977,2022-12-22,2022-12-29,0.08767121229638875,-0.007223477569552217,0.09489468986594096,1
2431,Jumia,900.0,20%,Post-IPO,12/21/2022,JMIA,2022-12-21,900.0,20.0,JMIA:2022-12-21,0,0,0,,-0.11428567005221046,-0.17031630777227136,-0.40798611973446797,0.046344349749152546,0.8332139641483179,-0.029748606910482756,0.013065260312511977,2022-12-22,2022-12-29,-0.02052790906142299,-0.007223477569552217,-0.013304431491870772,0
2235,Bilibili,,30%,Post-IPO,12/30/2022,BILI,2022-12-30,,30.0,BILI:2022-12-30,1,0,0,,0.003813565725980128,0.391891885834317,0.41432839009299216,0.06564776755836382,0.412115073424076,-0.05693416270681806,0.011624919440807836,2023-01-03,2023-01-09,0.13972137574179477,0.014198710668421821,0.12552266507337295,1
2332,Intel,201.0,,Post-IPO,12/30/2022,INTC,2022-12-30,201.0,,INTC:2022-12-30,0,1,0,,0.017712725679076557,-0.1139792476980549,-0.030862425924455206,0.01577605939415212,0.862362353877575,-0.05693416270681806,0.011624919440807836,2023-01-03,2023-01-09,0.10896718445859355,0.014198710668421821,0.09476847379017173,1
2217,Amazon,8000.0,2%,Post-IPO,1/4/2023,AMZN,2023-01-04,8000.0,2.0,AMZN:2023-01-04,0,0,1,49.0,0.025288998686998188,-0.06449843543345257,-0.2568086487073984,0.021316293562700574,0.9294575968054285,-0.035205507230685607,0.011295180401257248,2023-01-05,2023-01-11,0.11686630279036558,0.030643955607484008,0.08622234718288158,1
2218,Salesforce,8000.0,10%,Post-IPO,1/4/2023,CRM,2023-01-04,8000.0,10.0,CRM:2023-01-04,0,0,3,57.0,0.06834551895465713,0.042260737688958105,-0.07119566679427625,0.017188896768764013,1.3706709565728346,-0.035205507230685607,0.011295180401257248,2023-01-05,2023-01-11,0.03803994318243209,0.030643955607484008,0.007395987574948082,1
2225,Pegasystems,245.0,4%,Post-IPO,1/4/2023,PEGA,2023-01-04,245.0,4.0,PEGA:2023-01-04,0,0,0,,0.062370863832985846,-0.007577222106854409,0.09163429046406746,0.024966654304071485,1.2602864980188966,-0.035205507230685607,0.011295180401257248,2023-01-05,2023-01-11,-0.02582286547709778,0.030643955607484008,-0.056466821084581786,0
2242,Qualcomm,153.0,,Post-IPO,1/4/2023,QCOM,2023-01-04,153.0,,QCOM:2023-01-04,0,1,0,,0.018911217341653908,-0.09545814200889347,-0.07169683404741833,0.023492548041310016,0.9972293364224715,-0.035205507230685607,0.011295180401257248,2023-01-05,2023-01-11,0.061508021207431485,0.030643955607484008,0.030864065599947477,1
2213,Compass,,,Post-IPO,1/5/2023,COMP,2023-01-05,,,COMP:2023-01-05,1,1,2,107.0,0.1715687007823401,-0.134057930013608,-0.1371840717108005,0.05588671174543316,1.3425450090188205,-0.03226730273643197,0.011136594290299217,2023-01-06,2023-01-12,0.523012529344687,0.04633856329656605,0.47667396604812096,1
1321,Amdocs,2000.0,6%,Post-IPO,1/5/2023,DOX,2023-01-05,2000.0,6.0,DOX:2023-01-05,0,0,0,,0.024258376522070302,0.027713572182575197,0.1344909051890586,0.011317625321820898,1.5256858238857232,-0.03226730273643197,0.011136594290299217,2023-01-06,2023-01-12,-0.01582584973723755,0.04633856329656605,-0.0621644130338036,0
2220,Kaltura,75.0,11%,Post-IPO,1/5/2023,KLTR,2023-01-05,75.0,11.0,KLTR:2023-01-05,0,0,1,149.0,0.13095240207080727,0.01063828775385156,-0.04522614720969398,0.039831004488804195,1.3572357631623593,-0.03226730273643197,0.011136594290299217,2023-01-06,2023-01-12,0.07368420392192299,0.04633856329656605,0.027345640625356937,1
2215,Stitch Fix,,20%,Post-IPO,1/5/2023,SFIX,2023-01-05,,20.0,SFIX:2023-01-05,1,0,2,210.0,0.23239440344269724,-0.04632154571114233,-0.10941477339770433,0.0640900770091019,1.8872830355606192,-0.03226730273643197,0.011136594290299217,2023-01-06,2023-01-12,0.23142855507986893,0.04633856329656605,0.18508999178330288,1
2202,SoundHound,200.0,50%,Post-IPO,1/5/2023,SOUN,2023-01-05,200.0,50.0,SOUN:2023-01-05,0,0,1,56.0,0.10000002384185791,-0.1472867780075302,-0.6935933007963911,0.1883040008873758,0.5610986034842279,-0.03226730273643197,0.011136594290299217,2023-01-06,2023-01-12,0.0,0.04633856329656605,-0.04633856329656605,0
2201,Cue,388.0,,Post-IPO,1/6/2023,CUE,2023-01-06,388.0,,CUE:2023-01-06,0,1,1,193.0,-0.01730103867126387,-0.09841273070643186,-0.07792212617680727,0.052611165242880474,0.7931781911726175,-0.008388231459399709,0.012411620949791648,2023-01-09,2023-01-13,0.22535217447602096,0.026850117834548604,0.19850205664147236,1
2607,Amazon,150.0,,Post-IPO,1/10/2023,AMZN,2023-01-10,150.0,,AMZN:2023-01-10,0,1,2,6.0,0.0471918325117644,0.008755263674420588,-0.20136849087821906,0.023077376675502092,0.9142543329241516,-0.0023047442342777336,0.012272411381394161,2023-01-11,2023-01-18,0.062200914287868114,0.0023298104244864337,0.05987110386338168,1
2168,Blend,340.0,28%,Post-IPO,1/10/2023,BLND,2023-01-10,340.0,28.0,BLND:2023-01-10,0,0,3,33.0,0.11111116305415769,0.37096776984608737,-0.20930233847585555,0.07469447379224217,0.39374076809453473,-0.0023047442342777336,0.012272411381394161,2023-01-11,2023-01-18,-0.05294119462009894,0.0023298104244864337,-0.055271005044585375,0
2166,Coinbase,950.0,20%,Post-IPO,1/10/2023,COIN,2023-01-10,950.0,20.0,COIN:2023-01-10,0,0,2,61.0,0.2866071876619969,0.074304118763731,-0.3758302308855638,0.07263503162676113,1.8812755230362501,-0.0023047442342777336,0.012272411381394161,2023-01-11,2023-01-18,0.16146193884218696,0.0023298104244864337,0.15913212841770052,1
2146,Definitive Healthcare,55.0,6%,Post-IPO,1/12/2023,DH,2023-01-12,55.0,6.0,DH:2023-01-12,0,0,0,,0.13125584226821396,0.0016721993332413643,-0.194892510073986,0.0380756590446387,1.361352473168291,-0.007928679942277306,0.01206902817886956,2023-01-13,2023-01-20,-0.045075123746809775,-0.0027207583561802418,-0.042354365390629534,0
2185,Fate Therapeutics,315.0,57%,Post-IPO,1/12/2023,FATE,2023-01-12,315.0,57.0,FATE:2023-01-12,0,0,0,,-0.4672727151350542,-0.6420281103792035,-0.7220113778594281,0.1553819363593082,0.40956958199699656,-0.007928679942277306,0.01206902817886956,2023-01-13,2023-01-20,-0.06655295809504702,-0.0027207583561802418,-0.06383219973886678,0
2133,Carvana,,,Post-IPO,1/14/2023,CVNA,2023-01-14,,,CVNA:2023-01-14,1,1,2,57.0,0.5918367319355526,0.3346007440835026,-0.6178551893321897,0.1383981790408366,3.2491213766615457,0.0023283370497235722,0.012015826887898078,2023-01-17,2023-01-23,0.02279198336232313,0.0053450960291507865,0.017446887333172345,1
2075,Microsoft,10000.0,5%,Post-IPO,1/17/2023,MSFT,2023-01-17,10000.0,5.0,MSFT:2023-01-17,0,0,1,64.0,0.05825122546550876,-0.034777724879685,0.019229348564137716,0.018452364311388542,0.97579891894827,0.02557945117312399,0.010548711393227888,2023-01-18,2023-01-24,0.007031563536741281,0.006109160523320778,0.000922403013420503,1
2108,RingCentral,30.0,,Post-IPO,1/17/2023,RNG,2023-01-17,30.0,,RNG:2023-01-17,0,1,2,68.0,0.0431550478299112,-0.0915879192214526,0.14888256696790858,0.03146474837394065,0.7040318806889369,0.02557945117312399,0.010548711393227888,2023-01-18,2023-01-24,0.04027403440865318,0.006109160523320778,0.0341648738853324,1
2100,Unity,284.0,3%,Post-IPO,1/17/2023,U,2023-01-17,284.0,3.0,U:2023-01-17,0,0,1,202.0,0.10776604773213427,0.09799936654551855,0.09837183076356704,0.045595583281056805,0.9784036937316369,0.02557945117312399,0.010548711393227888,2023-01-18,2023-01-24,0.07967875019306159,0.006109160523320778,0.07356958966974081,1
2222,Butterfly Network,,25%,Post-IPO,1/18/2023,BFLY,2023-01-18,,25.0,BFLY:2023-01-18,1,0,1,168.0,0.10775862379037249,0.03629028769239073,-0.3967136631076259,0.047644388626865715,1.0115901310298685,0.02144702223290018,0.010842884960002352,2023-01-19,2023-01-25,0.058365797378898465,0.02263148878968324,0.035734308589215225,1
2702,8x8,200.0,9%,Post-IPO,1/18/2023,EGHT,2023-01-18,200.0,9.0,EGHT:2023-01-18,0,0,0,,-0.009049764968910634,-0.10245901399067547,0.35185188319402894,0.03928111650158784,0.6736394544023498,0.02144702223290018,0.010842884960002352,2023-01-19,2023-01-25,0.06849308357518114,0.02263148878968324,0.045861594785497894,1
2084,nCino,100.0,7%,Post-IPO,1/18/2023,NCNO,2023-01-18,100.0,7.0,NCNO:2023-01-18,0,0,0,,0.05962263863041706,0.08542709751756417,-0.06834769434832477,0.029397404604895233,1.215888583043185,0.02144702223290018,0.010842884960002352,2023-01-19,2023-01-25,-0.07264953752569203,0.02263148878968324,-0.09528102631537527,0
2080,Pagaya,140.0,20%,Post-IPO,1/18/2023,PGY,2023-01-18,140.0,20.0,PGY:2023-01-18,0,0,0,,-0.12702698755182928,0.5629032486517975,-0.25461538621424695,0.10663969578418311,0.3778271732900386,0.02144702223290018,0.010842884960002352,2023-01-19,2023-01-25,0.03199172104419956,0.02263148878968324,0.00936023225451632,1
2077,Teladoc Health,300.0,6%,Post-IPO,1/18/2023,TDOC,2023-01-18,300.0,6.0,TDOC:2023-01-18,0,0,0,,0.10431502654266889,-0.024426344790178356,0.10200671096467895,0.041484285686488084,1.3787530398495906,0.02144702223290018,0.010842884960002352,2023-01-19,2023-01-25,0.026934714265288928,0.02263148878968324,0.004303225475605688,1
2093,Cazoo,,,Post-IPO,1/19/2023,CZOOF,2023-01-19,,,CZOOF:2023-01-19,1,1,2,133.0,-0.16328155716212056,0.27642769327350725,-0.32896837429618764,0.08023992189659544,1.2221436151397242,0.022683113164163826,0.01079018196168779,2023-01-20,2023-01-26,-0.03522136573202905,0.041452076506088176,-0.07667344223811723,0
2187,Editas Medicine,,20%,Post-IPO,1/19/2023,EDIT,2023-01-19,,20.0,EDIT:2023-01-19,1,0,0,,-0.08548009629207176,-0.14830971888759747,-0.33475297316503394,0.043963023128718845,0.7738730480458281,0.022683113164163826,0.01079018196168779,2023-01-20,2023-01-26,0.16133159555392407,0.041452076506088176,0.11987951904783589,1
2186,Century Therapeutics,,,Post-IPO,1/19/2023,IPSC,2023-01-19,,,IPSC:2023-01-19,1,1,0,,-0.019607875728968716,-0.3543758772658061,-0.5596868999585404,0.03903254270980219,0.9339711989120668,0.022683113164163826,0.01079018196168779,2023-01-20,2023-01-26,0.011111153496636383,0.041452076506088176,-0.030340923009451792,0
2069,Magnite,,6%,Post-IPO,1/19/2023,MGNI,2023-01-19,,6.0,MGNI:2023-01-19,1,0,0,,-0.11163664953361097,-0.13055553912135343,0.349137972967992,0.035343951450630254,0.7292293532514426,0.022683113164163826,0.01079018196168779,2023-01-20,2023-01-26,0.2172523841603129,0.041452076506088176,0.17580030765422472,1
2071,Personalis,,30%,Post-IPO,1/19/2023,PSNL,2023-01-19,,30.0,PSNL:2023-01-19,1,0,0,,-0.15325665633184504,0.1275510179256707,-0.05150209849286713,0.0568400190455435,1.0748350143195118,0.022683113164163826,0.01079018196168779,2023-01-20,2023-01-26,0.018099529937821268,0.041452076506088176,-0.023352546568266908,0
2074,Wallbox,,15%,Post-IPO,1/19/2023,WBX,2023-01-19,,15.0,WBX:2023-01-19,1,0,0,,0.03562947601146682,0.2111111802819352,-0.3607038088310939,0.06557533339150302,0.7829819647547032,0.022683113164163826,0.01079018196168779,2023-01-20,2023-01-26,0.22477063969343303,0.041452076506088176,0.18331856318734485,1
2057,Capital One,1100.0,,Post-IPO,1/20/2023,COF,2023-01-20,1100.0,,COF:2023-01-20,0,1,0,,0.03128102282040146,0.17864025964290353,0.0742075543397116,0.023145336025555623,1.2784658533381752,0.04031097305407472,0.011474819321743903,2023-01-23,2023-01-27,0.12862363260950582,0.024754953880113506,0.10386867872939232,1
2042,Google,12000.0,6%,Post-IPO,1/20/2023,GOOG,2023-01-20,12000.0,6.0,GOOG:2023-01-20,0,0,0,,0.08018706538867137,0.10766475149201882,-0.03583570764336974,0.020530809235818945,2.2931728056575245,0.04031097305407472,0.011474819321743903,2023-01-23,2023-01-27,0.01440376034532087,0.024754953880113506,-0.010351193534792635,0
2062,CS Disco,62.0,9%,Post-IPO,1/20/2023,LAW,2023-01-20,62.0,9.0,LAW:2023-01-20,0,0,0,,0.09389670065244604,0.05748859756856328,-0.2830769465519831,0.04358203939094828,0.9314219490073566,0.04031097305407472,0.011474819321743903,2023-01-23,2023-01-27,0.10872678880792885,0.024754953880113506,0.08397183492781535,1
2043,Wayfair,1750.0,10%,Post-IPO,1/20/2023,W,2023-01-20,1750.0,10.0,W:2023-01-20,0,0,1,154.0,0.11061001018912586,0.3601743848856378,0.4594509953610857,0.06337865190025829,4.5465683746756484,0.04031097305407472,0.011474819321743903,2023-01-23,2023-01-27,0.3622569017158228,0.024754953880113506,0.3375019478357093,1
3520,LivePerson,30.0,,Post-IPO,1/21/2023,LPSN,2023-01-21,30.0,,LPSN:2023-01-21,0,1,1,128.0,0.014414377756662988,0.04259255491657021,0.3017340570056599,0.038458499972092774,0.9466965412061532,0.04031097305407472,0.011474819321743903,2023-01-23,2023-01-27,0.1269983006641049,0.024754953880113506,0.10224334678399138,1
2031,Spotify,600.0,6%,Post-IPO,1/23/2023,SPOT,2023-01-23,600.0,6.0,SPOT:2023-01-23,0,0,2,74.0,0.08559640551583825,0.28971486897063414,0.029778457483480736,0.020297905010041275,2.593450580800681,0.03728377428069862,0.011317839407387219,2023-01-24,2023-01-30,0.0006003357727446534,-9.99876932080701e-05,0.0007003234659527235,1
2567,LendingTree,200.0,,Post-IPO,1/23/2023,TREE,2023-01-23,200.0,,TREE:2023-01-23,0,1,0,,0.08369753541064862,0.6721991976275274,0.4360802041347238,0.049803837128202445,1.124960164300131,0.03728377428069862,0.011317839407387219,2023-01-24,2023-01-30,0.19727036180342883,-9.99876932080701e-05,0.1973703494966369,1
2040,Yext,,8%,Post-IPO,1/23/2023,YEXT,2023-01-23,,8.0,YEXT:2023-01-23,1,0,0,,0.006015031771336776,0.0502355066578295,0.2767176239385367,0.021804936200064323,0.8845857949514451,0.03728377428069862,0.011317839407387219,2023-01-24,2023-01-30,0.002989533745209494,-9.99876932080701e-05,0.003089521438417564,1
2029,PagerDuty,,7%,Post-IPO,1/24/2023,PD,2023-01-24,,7.0,PD:2023-01-24,1,0,0,,-0.0432900030777672,-0.011185654007238588,0.08289100472101896,0.036135688242577305,1.6160304992410963,0.05116629531301076,0.01069375026525417,2023-01-25,2023-01-31,0.12330318255354267,0.015692071537643848,0.10761111101589882,1
2011,Guardant Health,130.0,7%,Post-IPO,1/25/2023,GH,2023-01-25,130.0,7.0,GH:2023-01-25,0,0,0,,-0.011562526226043701,0.13369174169303522,-0.338837812293452,0.03973434719972997,0.5127836993476064,0.04554589734308356,0.010676644758451984,2023-01-26,2023-02-01,0.012013884630068139,0.026102016592944643,-0.014088131962876504,0
2006,IBM,3900.0,2%,Post-IPO,1/25/2023,IBM,2023-01-25,3900.0,2.0,IBM:2023-01-25,0,0,0,,0.002493037162844214,-0.006282884891772533,0.05689895111127119,0.010686262137568873,1.889342028120918,0.04554589734308356,0.010676644758451984,2023-01-26,2023-02-01,-0.040281496021936425,0.026102016592944643,-0.06638351261488107,0
2096,Lucid Diagnostics,,20%,Post-IPO,1/25/2023,LUCD,2023-01-25,,20.0,LUCD:2023-01-25,1,0,0,,-0.13333338042836052,-0.16428573070740238,-0.3518005589561942,0.07233829929476603,1.079242122893332,0.04554589734308356,0.010676644758451984,2023-01-26,2023-02-01,0.11111111111111116,0.026102016592944643,0.08500909451816652,1
1999,SAP,3000.0,3%,Post-IPO,1/26/2023,SAP,2023-01-26,3000.0,3.0,SAP:2023-01-26,0,0,0,,-0.013573159695994819,0.10412225201273184,0.1677411747698554,0.014325079845021032,1.9324764990723657,0.061221777955361434,0.010740260112028752,2023-01-27,2023-02-02,0.07773897831278798,0.02972196408182315,0.04801701423096483,1
2113,Oracle,,,Post-IPO,1/27/2023,ORCL,2023-01-27,,,ORCL:2023-01-27,1,1,1,72.0,0.019942657408917874,0.11195925689107389,0.14414878720000002,0.01187830040605177,0.856934972088628,0.07704551489479683,0.010111109615285224,2023-01-30,2023-02-03,0.0070796274843090146,0.01644174231314577,-0.009362114828836754,0
2116,XP,,,Post-IPO,1/27/2023,XP,2023-01-27,,,XP:2023-01-27,1,1,0,,0.06341748336002406,0.21543632513698885,-0.012002112475858473,0.033765096959582075,1.0018240098333018,0.07704551489479683,0.010111109615285224,2023-01-30,2023-02-03,-0.036443858975290566,0.01644174231314577,-0.052885601288436335,0
1990,Synopsys,100.0,,Post-IPO,1/28/2023,SNPS,2023-01-28,100.0,,SNPS:2023-01-28,0,1,0,,0.043367720938050525,0.13307536005825749,0.22122715406333926,0.013769088077649854,0.8135942327497425,0.07704551489479683,0.010111109615285224,2023-01-30,2023-02-03,0.011671882766438602,0.01644174231314577,-0.004769859546707167,0
1971,Arrival,800.0,50%,Post-IPO,1/30/2023,ARVLF,2023-01-30,800.0,50.0,ARVLF:2023-01-30,0,0,2,101.0,-0.09680408234445392,1.5965378702662645,-0.5063291139240507,0.2502617593951801,0.35900342953458103,0.044726617960054726,0.010154877050029591,2023-01-31,2023-02-06,0.02564102564102555,0.023065921241913756,0.002575104399111794,1
1972,Groupon,500.0,,Post-IPO,1/30/2023,GRPN,2023-01-30,500.0,,GRPN:2023-01-30,0,1,2,175.0,0.01581509856664609,0.10303833449414102,0.08300912323686216,0.049650430647312005,0.8132556413949631,0.044726617960054726,0.010154877050029591,2023-01-31,2023-02-06,-0.02634733616504159,0.023065921241913756,-0.049413257406955347,0
1973,Intel,343.0,,Post-IPO,1/30/2023,INTC,2023-01-30,343.0,,INTC:2023-01-30,0,1,1,31.0,-0.07664344353912633,0.06638693823855002,0.000971617450493012,0.024821694959673245,1.3462478812985215,0.044726617960054726,0.010154877050029591,2023-01-31,2023-02-06,0.03898330285881135,0.023065921241913756,0.015917381616897597,1
1983,SoFi,,,Post-IPO,1/30/2023,SOFI,2023-01-30,,,SOFI:2023-01-30,1,1,0,,0.13798977147720914,0.4553376048522282,0.1657940324786853,0.03864543939261066,3.7814621769831342,0.044726617960054726,0.010154877050029591,2023-01-31,2023-02-06,0.1092814427893547,0.023065921241913756,0.08621552154744094,1
1958,HubSpot,500.0,7%,Post-IPO,1/31/2023,HUBS,2023-01-31,500.0,7.0,HUBS:2023-01-31,0,0,0,,0.000259415238116123,0.20018678070535056,0.3165263959465503,0.029599131497801762,1.5890091018375407,0.06288727112398429,0.010452627027059314,2023-02-01,2023-02-07,0.06452258868838356,0.021427810161189997,0.04309477852719357,1
1956,NetApp,960.0,8%,Post-IPO,1/31/2023,NTAP,2023-01-31,960.0,8.0,NTAP:2023-01-31,0,0,0,,-0.009422641628251127,0.11170601915775502,-0.03050571518111489,0.011810347697909243,2.432818140794224,0.06288727112398429,0.010452627027059314,2023-02-01,2023-02-07,0.017967797686507803,0.021427810161189997,-0.0034600124746821947,0
1955,PayPal,2000.0,7%,Post-IPO,1/31/2023,PYPL,2023-01-31,2000.0,7.0,PYPL:2023-01-31,0,0,1,251.0,0.02400095931713997,0.1442010252606316,0.025676536309648723,0.020688245473474406,1.2319209455459037,0.06288727112398429,0.010452627027059314,2023-02-01,2023-02-07,0.021352410530199206,0.021427810161189997,-7.539963099079117e-05,0
1959,Upstart,365.0,20%,Post-IPO,1/31/2023,UPST,2023-01-31,365.0,20.0,UPST:2023-01-31,0,0,1,91.0,0.03835467164181794,0.4130105845583396,-0.08565834429070718,0.05864463559972703,1.740399459477795,0.06288727112398429,0.010452627027059314,2023-02-01,2023-02-07,0.09743038892349154,0.021427810161189997,0.07600257876230154,1
1957,Workday,525.0,3%,Post-IPO,1/31/2023,WDAY,2023-01-31,525.0,3.0,WDAY:2023-01-31,0,0,0,,0.05158519654236704,0.08426457114942654,0.2642324550234656,0.02267618188980539,1.0110832448622673,0.06288727112398429,0.010452627027059314,2023-02-01,2023-02-07,0.05688148454407305,0.021427810161189997,0.03545367438288305,1
1938,DraftKings,140.0,4%,Post-IPO,2/1/2023,DKNG,2023-02-01,140.0,4.0,DKNG:2023-02-01,0,0,0,,0.13264600180077313,0.4914026477623392,0.0516910952136993,0.035421137699125645,1.7451506464599815,0.07872463554786413,0.010432597711657766,2023-02-02,2023-02-08,0.07220877227622391,-0.0003649704109935925,0.0725737426872175,1
2007,Lam Research,1300.0,7%,Post-IPO,2/1/2023,LRCX,2023-02-01,1300.0,7.0,LRCX:2023-02-01,0,0,0,,0.08570833179414028,0.2798937474575345,0.3528480027750902,0.026930537170980748,1.7107248548674818,0.07872463554786413,0.010432597711657766,2023-02-02,2023-02-08,-0.023290297238226843,-0.0003649704109935925,-0.02292532682723325,0
1951,Match Group,,8%,Post-IPO,2/1/2023,MTCH,2023-02-01,,8.0,MTCH:2023-02-01,1,0,0,,0.01721399643744248,0.25206987224922184,0.2014488386959894,0.02500559758718489,3.3123246357325264,0.07872463554786413,0.010432597711657766,2023-02-02,2023-02-08,-0.06769114370525853,-0.0003649704109935925,-0.06732617329426493,0
1937,Pinterest,150.0,,Post-IPO,2/1/2023,PINS,2023-02-01,150.0,,PINS:2023-02-01,0,1,1,62.0,0.022205203103778937,0.16644829510192172,0.17208077076977424,0.0229640056220156,1.538845722020784,0.07872463554786413,0.010432597711657766,2023-02-02,2023-02-08,-0.0307116696157943,-0.0003649704109935925,-0.03034669920480071,0
1954,Rivian,,6%,Post-IPO,2/1/2023,RIVN,2023-02-01,,6.0,RIVN:2023-02-01,1,0,1,189.0,0.05457455972547254,0.13667813789096517,-0.38864770290514505,0.05149500999643199,1.1580318742443332,0.07872463554786413,0.010432597711657766,2023-02-02,2023-02-08,0.01877224030542357,-0.0003649704109935925,0.019137210716417163,1
1939,Cyren,121.0,,Post-IPO,2/2/2023,CYRNQ,2023-02-02,121.0,,CYRNQ:2023-02-02,0,1,0,,-0.2826923082801247,-0.1772059218616424,-0.48669728267354273,0.12150348146316506,7.662287304382307,0.08604322362487293,0.0106753490528708,2023-02-03,2023-02-09,-0.1551384851918408,-0.023249579696460243,-0.13188890549538057,0
1932,Getaround,,10%,Post-IPO,2/2/2023,GETR,2023-02-02,,10.0,GETR:2023-02-02,1,0,0,,0.02363437582534811,0.08999993046125043,,0.03886311220818216,2.046286821510233,0.08604322362487293,0.0106753490528708,2023-02-03,2023-02-09,0.0396024570602751,-0.023249579696460243,0.06285203675673534,1
1921,Okta,300.0,5%,Post-IPO,2/2/2023,OKTA,2023-02-02,300.0,5.0,OKTA:2023-02-02,0,0,1,160.0,0.16116586831810698,0.15802217568632204,0.8051975969949472,0.03432984071929253,1.9623911459598238,0.08604322362487293,0.0106753490528708,2023-02-03,2023-02-09,-0.05057208257320234,-0.023249579696460243,-0.027322502876742094,0
1982,Quantum SI,,12%,Post-IPO,2/2/2023,QSI,2023-02-02,,12.0,QSI:2023-02-02,1,0,0,,0.16216211281816673,0.3650793350442705,0.031999969482421786,0.06049115437568325,1.821398072465536,0.08604322362487293,0.0106753490528708,2023-02-03,2023-02-09,-0.1627906396493436,-0.023249579696460243,-0.13954105995288335,0
1922,Autodesk,250.0,2%,Post-IPO,2/3/2023,ADSK,2023-02-03,250.0,2.0,ADSK:2023-02-03,0,0,0,,0.06060317945458493,0.2284285970496489,0.14768061400964738,0.02177133995406421,0.9896578894173849,0.08690485698317363,0.010616293112399297,2023-02-06,2023-02-10,-0.0038451247262374366,-0.010452329307188313,0.006607204580950876,1
1903,Dell,6650.0,5%,Post-IPO,2/6/2023,DELL,2023-02-06,6650.0,5.0,DELL:2023-02-06,0,0,0,,0.023743994550412095,-0.026590531590349964,0.02157399484485656,0.017485847474625876,1.3674778697727974,0.056044972110909974,0.00988444064363385,2023-02-07,2023-02-13,0.059570305327342865,0.007320197288158248,0.05225010803918462,1
1897,eBay,500.0,4%,Post-IPO,2/7/2023,EBAY,2023-02-07,500.0,4.0,EBAY:2023-02-07,0,0,0,,0.013535506267280173,0.15280335461970007,0.2428751842291652,0.019724347288768262,0.8181571173379427,0.0704634174469152,0.01010987329553988,2023-02-08,2023-02-14,-0.02730723525175527,-0.006141513901363305,-0.021165721350391964,0
2017,PagSeguro,,7%,Post-IPO,2/7/2023,PAGS,2023-02-07,,7.0,PAGS:2023-02-07,1,0,0,,-0.08820623510362968,0.0,-0.2645883844394875,0.031955201423889905,0.7801406776747072,0.0704634174469152,0.01010987329553988,2023-02-08,2023-02-14,0.01304347140316775,-0.006141513901363305,0.019184985304531055,1
1896,Zoom,1300.0,15%,Post-IPO,2/7/2023,ZM,2023-02-07,1300.0,15.0,ZM:2023-02-07,0,0,0,,0.1288000488281249,0.2080479658976524,0.1784522268615023,0.03485775967880338,3.825432412610501,0.0704634174469152,0.01010987329553988,2023-02-08,2023-02-14,-0.07984882877173782,-0.006141513901363305,-0.07370731487037452,0
1887,Affirm,500.0,19%,Post-IPO,2/8/2023,AFRM,2023-02-08,500.0,19.0,AFRM:2023-02-08,0,0,1,97.0,-0.09593673371700606,0.5924453071120306,0.06871252183939669,0.09139386804304005,1.420546737627001,0.051385094865578296,0.01056413317294692,2023-02-09,2023-02-15,-0.08239704187142094,0.008109103508446847,-0.09050614537986779,0
1886,GoDaddy,530.0,8%,Post-IPO,2/8/2023,GDDY,2023-02-08,530.0,8.0,GDDY:2023-02-08,0,0,1,959.0,-0.01024094547133847,0.12472618423002912,0.14478817001599142,0.01582663081579286,0.6155012578833098,0.051385094865578296,0.01056413317294692,2023-02-09,2023-02-15,-0.01984181196027146,0.008109103508446847,-0.027950915468718307,0
1880,Bark,126.0,12%,Post-IPO,2/9/2023,BARK,2023-02-09,126.0,12.0,BARK:2023-02-09,0,0,0,,-0.10502279804217196,-0.03921564960882995,0.18787881099816528,0.03943582009382556,1.4059998290646991,0.029252798089861587,0.01056831588288071,2023-02-10,2023-02-16,-0.1989796171581576,0.002923186520882304,-0.2019028036790399,0
1879,GitLab,130.0,7%,Post-IPO,2/9/2023,GTLB,2023-02-09,130.0,7.0,GTLB:2023-02-09,0,0,0,,-0.27770188619423475,-0.02635213895646915,-0.07952564952360275,0.06205608741229411,4.277173416217204,0.029252798089861587,0.01056831588288071,2023-02-10,2023-02-16,0.11688924853214644,0.002923186520882304,0.11396606201126414,1
1872,Rigetti Computing,,28%,Post-IPO,2/10/2023,RGTI,2023-02-10,,28.0,RGTI:2023-02-10,1,0,0,,0.13333343929715102,0.40330197084025476,-0.0083333250549108,0.1066390528585265,2.8541200818557915,0.02791219517306387,0.010558387293334973,2023-02-13,2023-02-17,-0.1008403352926398,-0.001911608100814921,-0.09892872719182488,0
1855,Twilio,1500.0,17%,Post-IPO,2/13/2023,TWLO,2023-02-13,1500.0,17.0,TWLO:2023-02-13,0,0,1,152.0,-0.003574930409980137,0.13513511986672722,0.13808460429136438,0.03161562498429895,2.423836687022479,0.035959787291304224,0.010797887121191549,2023-02-14,2023-02-21,0.08431177747350338,-0.03328250217045137,0.11759427964395475,1
2423,Western Digital,251.0,,Post-IPO,2/13/2023,WDC,2023-02-13,251.0,,WDC:2023-02-13,0,1,0,,0.01869828002664109,0.1563674258636023,0.09072469326336119,0.028695442244806278,0.5224212210241241,0.035959787291304224,0.010797887121191549,2023-02-14,2023-02-21,-0.0694701944615631,-0.03328250217045137,-0.03618769229111174,0
1849,Blackbaud,500.0,14%,Post-IPO,2/15/2023,BLKB,2023-02-15,500.0,14.0,BLKB:2023-02-15,0,0,0,,-0.025674387512984786,-0.013004130296746408,0.042782592773437544,0.01992868320340909,1.3255527328520764,0.05744723383834027,0.009942455063569913,2023-02-16,2023-02-23,-0.032354880859418955,-0.03217549957727883,-0.00017938128214012306,0
1840,Sprinklr,100.0,4%,Post-IPO,2/15/2023,CXM,2023-02-15,100.0,4.0,CXM:2023-02-15,0,0,1,235.0,0.04339622845213431,0.32932702227104715,0.32773115497173433,0.02157859613434703,0.9578411393734354,0.05744723383834027,0.009942455063569913,2023-02-16,2023-02-23,-0.0036166329417204324,-0.03217549957727883,0.0285588666355584,1
1839,DigitalOcean,200.0,11%,Post-IPO,2/15/2023,DOCN,2023-02-15,200.0,11.0,DOCN:2023-02-15,0,0,0,,0.0981697450195349,0.1844938721120717,0.15627186199724918,0.05189164647006901,2.91246473722704,0.05744723383834027,0.009942455063569913,2023-02-16,2023-02-23,-0.007575757575757569,-0.03217549957727883,0.024599742001521263,1
1835,Wix,370.0,6%,Post-IPO,2/15/2023,WIX,2023-02-15,370.0,6.0,WIX:2023-02-15,0,0,1,190.0,0.029405095317387886,0.09781682092318333,0.05043271829467133,0.033580446471192446,1.172987706915537,0.05744723383834027,0.009942455063569913,2023-02-16,2023-02-23,0.019995602746079255,-0.03217549957727883,0.05217110232335809,1
1830,DocuSign,680.0,10%,Post-IPO,2/16/2023,DOCU,2023-02-16,680.0,10.0,DOCU:2023-02-16,0,0,1,141.0,0.04385282879674102,0.2344878580076315,0.4489130766495415,0.03411699670616994,2.446782447548906,0.05053504635542638,0.01038617934004287,2023-02-17,2023-02-24,-0.11267819901421128,-0.029146585707280903,-0.08353161330693037,0
1848,Vicarious Surgical,,14%,Post-IPO,2/16/2023,RBOT,2023-02-16,,14.0,RBOT:2023-02-16,1,0,0,,0.09722223816585096,0.2107279611354953,-0.0336390975911568,0.05617311067942762,0.5831582677364651,0.05053504635542638,0.01038617934004287,2023-02-17,2023-02-24,-0.11392407915705804,-0.029146585707280903,-0.08477749344977714,0
1832,The RealReal,230.0,7%,Post-IPO,2/16/2023,REAL,2023-02-16,230.0,7.0,REAL:2023-02-16,0,0,1,1038.0,-0.03592811037210075,0.17518248810321757,0.03205132907664465,0.08180931387796066,1.103151810272072,0.05053504635542638,0.01038617934004287,2023-02-17,2023-02-24,-0.1925466206425025,-0.029146585707280903,-0.1634000349352216,0
1823,HP,100.0,,Post-IPO,2/19/2023,HP,2023-02-19,100.0,,HP:2023-02-19,0,1,0,,-0.06265876029079775,-0.08643196933934338,-0.16345410080915368,0.02886523856031019,0.8450950914425,0.028746199713102882,0.009714115389646977,2023-02-21,2023-02-27,-0.013675852961427926,-0.023400162058230478,0.009724309096802553,1
1816,Criteo,,,Post-IPO,2/21/2023,CRTO,2023-02-21,,,CRTO:2023-02-21,1,1,0,,-0.007608965041429161,0.1589200130607098,0.3062404099888645,0.029633935599599856,0.5889102358842992,-0.0038440955470256943,0.010497598513055472,2023-02-22,2023-02-28,-0.02241221837077667,-0.007090925518585256,-0.015321292852191415,0
1828,Digimarc,,,Post-IPO,2/23/2023,DMRC,2023-02-23,,,DMRC:2023-02-23,1,1,0,,-0.06750112526744034,-0.04311920456909768,-0.04922515485036416,0.0353377875353068,0.8846702649047707,0.0007743278316552082,0.010570363250963916,2023-02-24,2023-03-02,-0.06663476780088362,-0.007113209311544244,-0.05952155848933938,0
1787,Ericsson,8500.0,8%,Post-IPO,2/23/2023,ERIC,2023-02-23,8500.0,8.0,ERIC:2023-02-23,0,0,0,,-0.03786575399968206,-0.02613230458160487,-0.11550635105052853,0.01522044363573062,0.7292804832057097,0.0007743278316552082,0.010570363250963916,2023-02-24,2023-03-02,-0.014311353888401879,-0.007113209311544244,-0.007198144576857635,0
1799,EVgo,40.0,,Post-IPO,2/23/2023,EVGO,2023-02-23,40.0,,EVGO:2023-02-23,0,1,0,,-0.08479530859171303,0.04857628959495752,0.006430938913094986,0.045585872974189805,0.40045557445970836,0.0007743278316552082,0.010570363250963916,2023-02-24,2023-03-02,-0.04472846638511441,-0.007113209311544244,-0.03761525707357016,0
1805,TaskUs,186.0,,Post-IPO,2/23/2023,TASK,2023-02-23,186.0,,TASK:2023-02-23,0,1,1,247.0,0.048048094894915794,0.19384260752077043,0.08835765540104434,0.033373828586566366,2.5179080603658113,0.0007743278316552082,0.010570363250963916,2023-02-24,2023-03-02,-0.14756446961368852,-0.007113209311544244,-0.14045126030214428,0
1782,Palantir,75.0,2%,Post-IPO,2/27/2023,PLTR,2023-02-27,75.0,2.0,PLTR:2023-02-27,0,0,0,,-0.12717392397287464,0.0635760967033312,0.13418076546642888,0.06869359758764162,0.5369449976197519,-0.019596472191765968,0.010526148922824512,2023-02-28,2023-03-06,0.031133251346634472,0.016945993384390512,0.01418725796224396,1
1878,Oportun,155.0,10%,Post-IPO,3/1/2023,OPRT,2023-03-01,155.0,10.0,OPRT:2023-03-01,0,0,0,,-0.025889943666086213,-0.14122684959073628,0.04332755646904807,0.03830214772805723,0.8564508315840466,-0.02888185474330207,0.009561783681016135,2023-03-02,2023-03-08,-0.15116276582978572,0.010589139475476683,-0.1617519053052624,0
1753,Airbnb,30.0,,Post-IPO,3/3/2023,ABNB,2023-03-03,30.0,,ABNB:2023-03-03,0,1,0,,0.02402675197073023,0.060833672950403095,0.2763171315645725,0.042136887457753174,0.6595669530499005,-0.030207733585131624,0.00953104574676915,2023-03-06,2023-03-10,-0.0590948867159643,-0.0452261394045107,-0.0138687473114536,0
1756,Zscaler,177.0,3%,Post-IPO,3/3/2023,ZS,2023-03-03,177.0,3.0,ZS:2023-03-03,0,0,0,,-0.08893648062945314,-0.15642028500199823,-0.012832213262766623,0.039038664044614625,4.61761744647708,-0.030207733585131624,0.00953104574676915,2023-03-06,2023-03-10,-0.11564912078648515,-0.0452261394045107,-0.07042298138197445,0
1742,SiriusXM,475.0,8%,Post-IPO,3/6/2023,SIRI,2023-03-06,475.0,8.0,SIRI:2023-03-06,0,0,0,,-0.03587438048476721,-0.17231936146307625,-0.2974807969348354,0.017575077072450505,1.0705450116400002,-0.019110099477453346,0.009292884324603068,2023-03-07,2023-03-13,-0.1558140098863834,-0.04724702819439097,-0.10856698169199241,0
1741,Atlassian,500.0,5%,Post-IPO,3/6/2023,TEAM,2023-03-06,500.0,5.0,TEAM:2023-03-06,0,0,0,,0.07004008699604847,0.040460665807740215,0.40965104983241396,0.03395576805889648,0.6352097083604465,-0.019110099477453346,0.009292884324603068,2023-03-07,2023-03-13,-0.1012204779453102,-0.04724702819439097,-0.05397344975091922,0
1739,Take-Two Interactive,,,Post-IPO,3/7/2023,TTWO,2023-03-07,,,TTWO:2023-03-07,1,1,0,,0.0669100319257594,0.10723758958539897,0.17479143394354435,0.02610291343951503,1.1737525491107152,-0.028206707413279686,0.009779535223959322,2023-03-08,2023-03-14,-0.026266253995265276,-0.016421082025958156,-0.00984517196930712,0
1725,Xero,800.0,15%,Post-IPO,3/8/2023,XRX,2023-03-08,800.0,15.0,XRX:2023-03-08,0,0,0,,-0.010856803614110011,-0.022646222397410765,0.04576237459796806,0.014600148524544073,0.79230034072966,-0.03918667478897597,0.009206765923059801,2023-03-09,2023-03-15,-0.08536566035958082,-0.02416535966400646,-0.06120030069557436,0
1717,Meta,10000.0,,Post-IPO,3/14/2023,META,2023-03-14,10000.0,,META:2023-03-14,0,1,1,125.0,0.05154203386380485,0.08131302603255897,0.5956904955145912,0.024523222125577733,1.4774866767513146,-0.05111066194233427,0.010364497459673275,2023-03-15,2023-03-21,0.04195442404312866,0.02221561002838035,0.019738814014748307,1
1706,Coherent,108.0,,Post-IPO,3/16/2023,COHR,2023-03-16,108.0,,COHR:2023-03-16,0,1,0,,-0.10102527496773628,-0.2157504222671801,0.03423482447837367,0.025802725209720156,0.9819014796623811,-0.04316648180907812,0.011279448850517024,2023-03-17,2023-03-23,-0.035605078354092434,-0.0036336857678432866,-0.03197139258624915,0
1705,Freshworks,114.0,2%,Post-IPO,3/16/2023,FRSH,2023-03-16,114.0,2.0,FRSH:2023-03-16,0,0,1,91.0,-0.04172364305418186,-0.15398546614116293,-0.045640331223816055,0.029144800408320327,1.2691332314461818,-0.04316648180907812,0.011279448850517024,2023-03-17,2023-03-23,-0.012134195111823565,-0.0036336857678432866,-0.008500509343980278,0
1700,Amazon,9000.0,,Post-IPO,3/20/2023,AMZN,2023-03-20,9000.0,,AMZN:2023-03-20,0,1,3,69.0,0.05712429689347531,0.005246935722662771,0.14696556267477123,0.018860755240379813,1.0512301328071305,-0.029507592178278363,0.011474023441206958,2023-03-21,2023-03-27,0.003377359882783315,0.0069840412532402585,-0.0036066813704569434,0
1690,Marvell,320.0,4%,Post-IPO,3/21/2023,MRVL,2023-03-21,320.0,4.0,MRVL:2023-03-21,0,0,0,,0.06526788024294983,-0.03450699733327922,0.059879507538711074,0.03592840601049835,0.5900667250344456,0.003363956615862751,0.011029820519636815,2023-03-22,2023-03-28,-0.0165328601070015,-0.008297719116027502,-0.008235140990974,0
1696,Expedia,,,Post-IPO,3/22/2023,EXPE,2023-03-22,,,EXPE:2023-03-22,1,1,0,,0.02082186508755668,-0.13272213340631256,0.10790353155287269,0.024454722904385533,0.833701791282349,-0.012378878755885503,0.011686622685300123,2023-03-23,2023-03-29,0.014844179483229025,0.023564904731522507,-0.008720725248293482,0
1683,Logitech,300.0,,Post-IPO,3/23/2023,LOGI,2023-03-23,300.0,,LOGI:2023-03-23,0,1,0,,0.006921149357623113,-0.027285829389635752,-0.1265617819746132,0.01388073931905645,0.5242528172464478,-0.014948799666391843,0.011631893678334846,2023-03-24,2023-03-30,0.04774292022848048,0.026782121947606985,0.020960798280873494,1
1672,AEye,46.0,33%,Post-IPO,3/29/2023,AEYE,2023-03-29,46.0,33.0,AEYE:2023-03-29,0,0,0,,0.20654049878152092,0.07186548467435161,0.8302873024860773,0.06922429572006378,2.570028011204482,0.020625571633429596,0.011843929845486564,2023-03-30,2023-04-05,-0.02282458188660985,0.015572368278417237,-0.03839695016502709,0
1669,Shift,,30%,Post-IPO,3/29/2023,FOUR,2023-03-29,,30.0,FOUR:2023-03-29,1,0,1,232.0,0.03571435323808303,0.023332892689923668,0.2703379700354269,0.025317969631644375,1.4010481468913774,0.020625571633429596,0.011843929845486564,2023-03-30,2023-04-05,0.004926086686669606,0.015572368278417237,-0.01064628159174763,0
1650,Roku,200.0,6%,Post-IPO,3/30/2023,ROKU,2023-03-30,200.0,6.0,ROKU:2023-03-30,0,0,1,133.0,-0.02500002867058826,-0.037638605237508505,0.5192306914580598,0.03691173139329344,2.193578763231899,0.018679038930776715,0.01179449219714623,2023-03-31,2023-04-06,0.03992215095442031,0.013599227390375557,0.026322923564044753,1
1674,Better Therapeutics,,35%,Post-IPO,3/31/2023,BTTX,2023-03-31,,35.0,BTTX:2023-03-31,1,0,0,,-0.21436587044625688,-0.3913043455726032,-0.40170938995306105,0.07254573302811446,0.7580155816915125,0.016730963550850353,0.011671397299062818,2023-04-03,2023-04-10,1.0857143757294656,0.0005373646739486038,1.085177011055517,1
1659,Kyndryl,,,Post-IPO,3/31/2023,KD,2023-03-31,,,KD:2023-03-31,1,1,0,,0.05579404235951313,-0.06285712832496282,0.2248962651660924,0.02351004470728579,0.6524354177327919,0.016730963550850353,0.011671397299062818,2023-04-03,2023-04-10,-0.0027100244737636725,0.0005373646739486038,-0.0032473891477122763,0
2230,Micron,4800.0,10%,Post-IPO,3/31/2023,MU,2023-03-31,4800.0,10.0,MU:2023-03-31,0,0,0,,-0.013407444941973212,0.0626982531861513,0.1132840986472261,0.028341409295979392,1.847671987552284,0.016730963550850353,0.011671397299062818,2023-04-03,2023-04-10,0.05067724582632804,0.0005373646739486038,0.05013988115237944,1
1655,Spotify,15.0,,Post-IPO,3/31/2023,SPOT,2023-03-31,15.0,,SPOT:2023-03-31,0,1,3,67.0,0.04146525283622582,0.07984481512837327,0.6429360888833355,0.016057387216991757,1.022473079123966,0.016730963550850353,0.011671397299062818,2023-04-03,2023-04-10,-0.010252919976430075,0.0005373646739486038,-0.010790284650378679,0
2616,Seagate,3000.0,8%,Post-IPO,3/31/2023,STX,2023-03-31,3000.0,8.0,STX:2023-03-31,0,0,0,,0.07268030461641195,0.03568692207831847,0.27403911549303217,0.021963190002464154,0.8578079423327892,0.016730963550850353,0.011671397299062818,2023-04-03,2023-04-10,0.003478367639822233,0.0005373646739486038,0.002941002965873629,1
1651,LendingTree,150.0,13%,Post-IPO,3/31/2023,TREE,2023-03-31,150.0,13.0,TREE:2023-03-31,0,0,1,67.0,0.03333335797608128,-0.18769042975900918,0.17289926899792274,0.04624404720065323,0.8761739130434782,0.016730963550850353,0.011671397299062818,2023-04-03,2023-04-10,-0.05363842135635244,0.0005373646739486038,-0.05417578603030104,0
1642,View,170.0,23%,Post-IPO,4/4/2023,VRAYQ,2023-04-04,170.0,23.0,VRAYQ:2023-04-04,0,0,0,,-0.006097555213709138,-0.20487803261170812,-0.31512608535545006,0.0269021179055408,0.7419190142314149,0.03002913210461089,0.011160695855558971,2023-04-05,2023-04-12,-0.07668711678875628,-0.0015172862928306552,-0.07516983049592563,0
1645,Apple,,,Post-IPO,4/5/2023,AAPL,2023-04-05,,,AAPL:2023-04-05,1,1,0,,0.018597969126078695,0.07123687464685435,0.26016167073402197,0.011721292237527787,0.7890652129923242,0.025658290219957358,0.011199243024852472,2023-04-06,2023-04-13,0.01099159276485917,0.014401464497394212,-0.0034098717325350414,0
1634,Amplitude,99.0,13%,Post-IPO,4/5/2023,AMPL,2023-04-05,99.0,13.0,AMPL:2023-04-05,0,0,0,,0.013570809832891939,-0.09743202297231479,-0.014839266568636655,0.03451254049429756,0.8504909603961149,0.025658290219957358,0.011199243024852472,2023-04-06,2023-04-13,-0.041004165601597364,0.014401464497394212,-0.055405630098991576,0
1677,Cimpress,500.0,,Post-IPO,4/11/2023,CMPR,2023-04-11,500.0,,CMPR:2023-04-11,0,1,0,,-0.026362397935297155,0.3026081380128911,0.5635005268109026,0.08157926427990282,0.4818749848046486,0.067271512512868,0.009363652831796836,2023-04-12,2023-04-18,0.0,0.010958637266679672,-0.010958637266679672,0
1616,Medtronic,59.0,,Post-IPO,4/13/2023,MDT,2023-04-13,59.0,,MDT:2023-04-13,0,1,0,,0.01644441971599364,0.049483456430998274,0.024144245154042787,0.01236689748315775,0.9438529869257076,0.06619423892841492,0.00904252640992262,2023-04-14,2023-04-20,0.02328719259460743,-0.0038456939859951023,0.027132886580602533,1
1590,Opendoor,560.0,22%,Post-IPO,4/18/2023,OPEN,2023-04-18,560.0,22.0,OPEN:2023-04-18,0,0,1,167.0,-0.07142856675002796,0.16551724251328692,0.05625002002343504,0.06895482941269983,0.7551925609715097,0.05198854738660885,0.007661658558885719,2023-04-19,2023-04-25,-0.21301775273144452,-0.01962773556706987,-0.19339001716437465,0
1581,BuzzFeed,180.0,15%,Post-IPO,4/20/2023,BZFD,2023-04-20,180.0,15.0,BZFD:2023-04-20,0,0,1,135.0,-0.23076924957937472,-0.21956297577886863,-0.16666664459087177,0.08314646856292449,4.86472775996449,0.050419431015533034,0.006029571349675154,2023-04-21,2023-04-27,-0.24666666984558105,0.0012868468143867329,-0.2479535166599678,0
1588,F5,623.0,9%,Post-IPO,4/20/2023,FFIV,2023-04-20,623.0,9.0,FFIV:2023-04-20,0,0,1,155.0,-0.08988535154216137,-0.04627848575797522,-0.08404449686625504,0.014696831021833761,4.03687726784296,0.050419431015533034,0.006029571349675154,2023-04-21,2023-04-27,-0.015652996766492566,0.0012868468143867329,-0.0169398435808793,0
1578,Lyft,1072.0,26%,Post-IPO,4/21/2023,LYFT,2023-04-21,1072.0,26.0,LYFT:2023-04-21,0,0,3,169.0,0.02654862360509913,0.06205489943150133,-0.34174023919427143,0.036553457176142314,2.479085348138462,0.04840124841906723,0.00604118549339682,2023-04-24,2023-04-28,-0.018199194254787998,0.009049030939837222,-0.02724822519462522,0
1614,Viasat,300.0,4%,Post-IPO,4/25/2023,VSAT,2023-04-25,300.0,4.0,VSAT:2023-04-25,0,0,0,,0.007564296695040884,0.04881887360820625,-0.027737248552976768,0.029139581750305416,0.9003970400073867,0.024187427116884264,0.007195609526364518,2023-04-26,2023-05-02,0.09699698547264735,0.011721765770958958,0.08527521970168839,1
1556,Dropbox,500.0,16%,Post-IPO,4/27/2023,DBX,2023-04-27,500.0,16.0,DBX:2023-04-27,0,0,1,834.0,-0.0735294285220669,-0.04770903284090344,-0.1321566833973632,0.017964793840030233,2.787124205876061,0.027556879932280287,0.007856970257235333,2023-04-28,2023-05-04,-0.026785665290966265,-0.01765248750030235,-0.009133177790663916,0
1535,Unity,600.0,8%,Post-IPO,5/3/2023,U,2023-05-03,600.0,8.0,U:2023-05-03,0,0,2,106.0,-0.048362545570996285,-0.22917948234013918,-0.3233143903436202,0.027878733603083877,1.2007920260428901,-0.0015906782123100704,0.007882446665787725,2023-05-04,2023-05-10,0.1500600253839941,0.011837814951434211,0.1382222104325599,1
1536,Upwork,137.0,15%,Post-IPO,5/3/2023,UPWK,2023-05-03,137.0,15.0,UPWK:2023-05-03,0,0,0,,-0.1440588698829257,-0.25932661393544687,-0.4045354573597355,0.035798405412631094,3.824246055522269,-0.0015906782123100704,0.007882446665787725,2023-05-04,2023-05-10,-0.011056529335618293,0.011837814951434211,-0.022894344287052504,0
1528,Shopify,2300.0,20%,Post-IPO,5/4/2023,SHOP,2023-05-04,2300.0,20.0,SHOP:2023-05-04,0,0,4,245.0,0.20403444112921765,0.2679796631636562,0.11587148860263508,0.056338794575319255,5.476520391774316,-0.006060053933353959,0.008021010828008218,2023-05-05,2023-05-11,0.09773128033824441,0.017278694346544166,0.08045258599170024,1
1529,Sabre,1100.0,15%,Post-IPO,5/5/2023,SABR,2023-05-05,1100.0,15.0,SABR:2023-05-05,0,0,0,,-0.08249998092651356,-0.11138015142869861,-0.500680255249961,0.028620751955184775,0.8769743931211824,0.008406755970549185,0.009023977444247207,2023-05-08,2023-05-12,-0.128065400228778,-0.002520351366086193,-0.1255450488626918,0
1524,Twist Bioscience,270.0,25%,Post-IPO,5/5/2023,TWST,2023-05-05,270.0,25.0,TWST:2023-05-05,0,0,0,,0.03285262949720891,-0.06661839596956942,-0.5080152683981607,0.04482522729343367,2.419569338728389,0.008406755970549185,0.009023977444247207,2023-05-08,2023-05-12,-0.07292478735615815,-0.002520351366086193,-0.07040443599007196,0
1516,AudioCodes,80.0,6%,Post-IPO,5/9/2023,AUDC,2023-05-09,80.0,6.0,AUDC:2023-05-09,0,0,0,,-0.03910073231542932,-0.17116371464717106,-0.43693231287757994,0.020651973054875403,1.1548223350253808,0.0029532029127814496,0.00908692305374428,2023-05-10,2023-05-16,-0.17904374009347268,-0.0016549182158901443,-0.17738882187758254,0
1514,Akamai,290.0,3%,Post-IPO,5/10/2023,AKAM,2023-05-10,290.0,3.0,AKAM:2023-05-10,0,0,0,,0.09023708786221274,0.053707817121966483,-0.02762305639941154,0.02444410235448377,2.9928652948054584,0.011763441386001494,0.00908149305958201,2023-05-11,2023-05-17,0.014379187682657557,0.005764736019111982,0.008614451663545575,1
1518,Marqeta,,15%,Post-IPO,5/10/2023,MQ,2023-05-10,,15.0,MQ:2023-05-10,1,0,0,,0.041871940564009114,-0.009367672606955812,-0.28305085581357836,0.025734648568156798,1.590463199515674,0.011763441386001494,0.00908149305958201,2023-05-11,2023-05-17,-0.009456255714577644,0.005764736019111982,-0.015220991733689626,0
1510,Microsoft,158.0,,Post-IPO,5/10/2023,MSFT,2023-05-10,158.0,,MSFT:2023-05-10,0,1,2,113.0,0.025985367612963106,0.10166130902702442,0.15395946650261672,0.02060432674728424,1.0652585052806052,0.011763441386001494,0.00908149305958201,2023-05-11,2023-05-17,0.0076093675850623654,0.005764736019111982,0.0018446315659503831,1
1509,CS Disco,,8%,Post-IPO,5/12/2023,LAW,2023-05-12,,8.0,LAW:2023-05-12,1,0,1,112.0,0.0,-0.08400645817764552,-0.37555064714365094,0.026489817921900808,1.043059504597966,-0.002109195331239655,0.008574858083720476,2023-05-15,2023-05-19,0.2451498849703957,0.017080215525432596,0.2280696694449631,1
1496,Lemonade,45.0,3%,Post-IPO,5/16/2023,LMND,2023-05-16,45.0,3.0,LMND:2023-05-16,0,0,1,354.0,-0.09395967452880682,0.13967771955460573,-0.10971222363456468,0.07420086160902281,0.5724156636182421,-0.009560470154561185,0.008694967074577172,2023-05-17,2023-05-23,0.21144776491498418,0.009360317932889162,0.20208744698209502,1
1480,AppFolio,62.0,,Post-IPO,5/23/2023,APPF,2023-05-23,62.0,,APPF:2023-05-23,0,1,0,,0.022028224938678953,0.14806774720843974,0.08241167453357656,0.0235249258130725,0.7133010183661671,0.019725256422211013,0.008899198656613089,2023-05-24,2023-05-31,0.0017494752321760565,0.009080082533189593,-0.007330607301013536,0
1452,ZipRecruiter,270.0,20%,Post-IPO,5/31/2023,ZIP,2023-05-31,270.0,20.0,ZIP:2023-05-31,0,0,0,,-0.03009401554710378,-0.06525673835762413,-0.09637853337152491,0.026261916742294365,0.8359840776305032,0.01706267545562712,0.008018261089814262,2023-06-01,2023-06-07,0.07110532700764316,0.020820793210343025,0.050284533797300135,1
1449,SentinelOne,,5%,Post-IPO,6/1/2023,S,2023-06-01,,5.0,S:2023-06-01,1,0,0,,0.04225353058593884,0.3350514627716774,0.3273542452956699,0.02608238814346706,2.658819089136345,0.03382219451644297,0.008021777988225284,2023-06-02,2023-06-08,-0.2799227523778113,0.01732941699893842,-0.2972521693767497,0
1477,Qualcomm,30.0,,Post-IPO,6/2/2023,QCOM,2023-06-02,30.0,,QCOM:2023-06-02,0,1,1,149.0,0.11923599247547934,0.0923523005211968,-0.03941471078127501,0.02339486785453342,0.8231296784175971,0.05625368740150383,0.00822492605968479,2023-06-05,2023-06-09,0.030185035758379053,0.004627231626449957,0.025557804131929096,1
1473,Western Digital,60.0,7%,Post-IPO,6/2/2023,WDC,2023-06-02,60.0,7.0,WDC:2023-06-02,0,0,1,109.0,0.06314416836461834,0.2179177595413475,0.06174151303509334,0.03239098682648042,0.788189559132734,0.05625368740150383,0.00822492605968479,2023-06-05,2023-06-09,-0.01143146731242739,0.004627231626449957,-0.016058698938877347,0
1435,Spotify,200.0,2%,Post-IPO,6/5/2023,SPOT,2023-06-05,200.0,2.0,SPOT:2023-06-05,0,0,4,66.0,0.0401170838749183,0.10292766375936946,0.2615185665529389,0.01859418466971312,1.3102831127067371,0.035067860545501484,0.00739377639163911,2023-06-06,2023-06-12,-0.03671479064109362,0.01568725374625113,-0.05240204438734475,0
1464,DHI Group,53.0,10%,Post-IPO,6/6/2023,DHX,2023-06-06,53.0,10.0,DHX:2023-06-06,0,0,0,,0.047872358301528806,0.15882351373718717,0.010256400224333495,0.04401163616662867,0.8995771218657895,0.037045114143543945,0.007385930354684398,2023-06-07,2023-06-13,0.0253806860863639,0.020162153886388312,0.00521853219997559,1
1427,Coherent,196.0,,Post-IPO,6/8/2023,COHR,2023-06-08,196.0,,COHR:2023-06-08,0,1,1,84.0,0.045527604606119265,0.28802380743669653,0.06521144038591209,0.046364473013031,0.6832954461267318,0.03943311357508139,0.0073813251590174244,2023-06-09,2023-06-15,0.3132684235509866,0.03138920059622019,0.2818792229547664,1
1418,Freshworks,,,Post-IPO,6/8/2023,FRSH,2023-06-08,,,FRSH:2023-06-08,1,1,2,84.0,0.014211903975096973,0.1501831683534942,0.08801105178312651,0.02684923536125428,0.8272717997466723,0.03943311357508139,0.0073813251590174244,2023-06-09,2023-06-15,0.09681525621371967,0.03138920059622019,0.06542605561749948,1
1432,Unity,50.0,,Post-IPO,6/8/2023,U,2023-06-08,50.0,,U:2023-06-08,0,1,3,36.0,0.2045151981549631,0.2623520900565881,0.3216756929303586,0.06267708135998235,0.9850865794057745,0.03943311357508139,0.0073813251590174244,2023-06-09,2023-06-15,0.14856669159328173,0.03138920059622019,0.11717749099706154,1
1407,Chegg,80.0,4%,Post-IPO,6/13/2023,CHGG,2023-06-13,80.0,4.0,CHGG:2023-06-13,0,0,0,,0.05362462544369051,0.0983436671088187,-0.3482801468564658,0.030536112931499094,0.9805662995839661,0.057262386382561425,0.007490414569501151,2023-06-14,2023-06-21,-0.10273319832085004,-0.0002389828295144003,-0.10249421549133564,0
1396,Sonos,130.0,7%,Post-IPO,6/14/2023,SONO,2023-06-14,130.0,7.0,SONO:2023-06-14,0,0,1,1085.0,-0.01257860465808125,0.03357473620608009,-0.18610683959960117,0.029002316812497642,1.1141054734579094,0.0656428053326108,0.007164812292000108,2023-06-15,2023-06-22,0.0038216828245623002,0.0021765754289757577,0.0016451073955865425,1
1377,Grab,1000.0,11%,Post-IPO,6/20/2023,GRAB,2023-06-20,1000.0,11.0,GRAB:2023-06-20,0,0,0,,-0.01744184354113687,0.22686024465985666,0.22909095070578833,0.031203691124594448,0.7439164933254768,0.04821526166259038,0.0073184767493651845,2023-06-21,2023-06-27,-0.03254441709763056,-0.0023101631561808222,-0.03023425394144974,0
1371,Uber,200.0,,Post-IPO,6/21/2023,UBER,2023-06-21,200.0,,UBER:2023-06-21,0,1,5,286.0,0.03018594553504017,0.08909884711798965,0.38731706820852385,0.021688939002727253,1.0227925014350316,0.04242131753841494,0.0074993004865604425,2023-06-22,2023-06-28,0.03703708009156337,0.0033340013894105347,0.03370307870215283,1
1365,Robinhood,150.0,7%,Post-IPO,6/26/2023,HOOD,2023-06-26,150.0,7.0,HOOD:2023-06-26,0,0,2,328.0,-0.03988032195209057,0.11976740549808751,0.05824172645645431,0.020136730565407008,0.7177738073902175,0.044356943920883074,0.006860947708033985,2023-06-27,2023-07-03,0.10695739571452645,0.028625064771415687,0.07833233094311076,1
1375,Illumina,,,Post-IPO,6/27/2023,ILMN,2023-06-27,,,ILMN:2023-06-27,1,1,1,223.0,-0.0925147043485387,-0.06360711706703737,-0.18569651678933607,0.024005013568257648,1.7617827638046366,0.042308016866110076,0.0067096984775787466,2023-06-28,2023-07-05,0.01962597233877217,0.015957261308890525,0.003668711029881644,1
1364,Payoneer,200.0,10%,Post-IPO,6/27/2023,PAYO,2023-06-27,200.0,10.0,PAYO:2023-06-27,0,0,0,,-0.018480426666457772,0.14081149034143015,-0.22528360604502762,0.02242819009667977,0.5363910837027044,0.042308016866110076,0.0067096984775787466,2023-06-28,2023-07-05,-0.006276194245094513,0.015957261308890525,-0.022233455553985038,0
1333,Zip,300.0,20%,Post-IPO,7/4/2023,ZIP,2023-07-04,300.0,20.0,ZIP:2023-07-04,0,0,1,34.0,0.06071431571934638,0.1027227638048489,0.1307106241132674,0.022129870388339138,0.38287288653664175,0.040938817872407496,0.006014162906180141,2023-07-05,2023-07-11,0.025252568498649097,-0.002996891553269543,0.02824946005191864,1
2229,Amdocs,700.0,3%,Post-IPO,7/6/2023,DOX,2023-07-06,700.0,3.0,DOX:2023-07-06,0,0,1,182.0,0.004910326986266922,0.041014410627607134,0.0245215931192575,0.008052021738999377,0.813424784217016,0.030986809712612473,0.006393102252680116,2023-07-07,2023-07-13,0.0027774623776126717,0.022517219638755748,-0.019739757261143076,0
1355,Selina,350.0,,Post-IPO,7/6/2023,SLNAF,2023-07-06,350.0,,SLNAF:2023-07-06,0,1,0,,-0.12068964631322143,0.06139433309319875,-0.32450331962347545,0.046654711871100416,0.6920243286983702,0.030986809712612473,0.006393102252680116,2023-07-07,2023-07-13,0.019607824804414697,0.022517219638755748,-0.0029093948343410503,0
1315,Latch,,59%,Post-IPO,7/10/2023,LTCH,2023-07-10,,59.0,LTCH:2023-07-10,1,0,3,340.0,-0.050359664721725594,0.0909090998654607,1.021439599135486,0.07261512966194925,0.4277251148332876,0.028344000705909478,0.006276372333533048,2023-07-11,2023-07-17,0.6893938867130687,0.025428503802755298,0.6639653829103134,1
1271,Microsoft,1000.0,,Post-IPO,7/10/2023,MSFT,2023-07-10,1000.0,,MSFT:2023-07-10,0,1,3,61.0,-0.025577088052445074,0.02019909162641209,0.17307612089702973,0.014607441161734996,1.3058972542880405,0.028344000705909478,0.006276372333533048,2023-07-11,2023-07-17,0.041889102672269196,0.025428503802755298,0.0164605988695139,1
1298,Freightos,50.0,13%,Post-IPO,7/12/2023,CRGO,2023-07-12,50.0,13.0,CRGO:2023-07-12,0,0,0,,-0.00824181564388704,0.21959454343648166,0.20333329836527514,0.10289353496904444,1.1174242424242424,0.03198882704058392,0.006314370770208425,2023-07-13,2023-07-19,0.02216071037379086,0.020582013859371306,0.001578696514419553,1
1305,Everquote,100.0,,Post-IPO,7/12/2023,EVER,2023-07-12,100.0,,EVER:2023-07-12,0,1,0,,0.13478258195431225,-0.020025012765390593,-0.09584294899890622,0.03522305078330688,1.2593987275568845,0.03198882704058392,0.006314370770208425,2023-07-13,2023-07-19,-0.1392081945349467,0.020582013859371306,-0.159790208394318,0
1311,Shift,,34%,Post-IPO,7/12/2023,FOUR,2023-07-12,,34.0,FOUR:2023-07-12,1,0,2,105.0,0.019707369791995832,0.09630824860633425,-0.0274811364505686,0.022283912044342605,1.3663085548193714,0.03198882704058392,0.006314370770208425,2023-07-13,2023-07-19,0.008345529565969123,0.020582013859371306,-0.012236484293402183,0
1283,Amazon,80.0,,Post-IPO,7/14/2023,AMZN,2023-07-14,80.0,,AMZN:2023-07-14,0,1,4,116.0,0.037756156130169805,0.06533772050682529,0.3165199282314888,0.015752234345618413,0.9920983870214461,0.031495091659824226,0.006397119335528237,2023-07-17,2023-07-21,-0.03474898225638845,0.0064547502373122345,-0.041203732493700684,0
1295,Stitch Fix,400.0,,Post-IPO,7/14/2023,SFIX,2023-07-14,400.0,,SFIX:2023-07-14,0,1,3,190.0,0.007556667801907446,-0.046483948434297595,-0.10112355697818531,0.04393356180199579,0.4977203831500542,0.031495091659824226,0.006397119335528237,2023-07-17,2023-07-21,0.0625,0.0064547502373122345,0.056045249762687765,1
1284,AudioCodes,80.0,6%,Post-IPO,7/16/2023,AUDC,2023-07-16,80.0,6.0,AUDC:2023-07-16,0,0,1,68.0,0.0344467987245074,0.02907586205649282,-0.02747786679946751,0.018608670793159893,0.9631830700101464,0.031495091659824226,0.006397119335528237,2023-07-17,2023-07-21,-0.014127281182949591,0.0064547502373122345,-0.020582031420261826,0
1302,Expedia,,,Post-IPO,7/17/2023,EXPE,2023-07-17,,,EXPE:2023-07-17,1,1,1,117.0,0.05956433976937947,0.13098684393919502,0.27074379770984613,0.01971540533974389,0.884642135594343,0.022400903004243355,0.005893571717587006,2023-07-18,2023-07-24,-0.03557868683436749,0.007452902705211484,-0.043031589539578974,0
1290,Peloton,11.0,,Post-IPO,7/17/2023,PTON,2023-07-17,11.0,,PTON:2023-07-17,0,1,3,284.0,0.05244333282220626,-0.014508941282081023,-0.07247904421001505,0.04899198107498473,0.7740353683104311,0.022400903004243355,0.005893571717587006,2023-07-18,2023-07-24,-0.01472254989401578,0.007452902705211484,-0.022175452599227263,0
1285,Tempo Automation,62.0,,Post-IPO,7/17/2023,TMPOQ,2023-07-17,62.0,,TMPOQ:2023-07-17,0,1,0,,-0.1279069949729621,-0.13769505101965063,-0.4750874726249197,0.06988042060088659,0.11678722167771458,0.022400903004243355,0.005893571717587006,2023-07-18,2023-07-24,-0.079365098887891,0.007452902705211484,-0.08681800159310249,0
1277,IBM,,,Post-IPO,7/19/2023,IBM,2023-07-19,,,IBM:2023-07-19,1,1,1,175.0,0.019873397717743213,-0.0035306072920974207,0.0922400685707423,0.01070728568045626,1.3781911241495537,0.041218805007019244,0.005730282178579758,2023-07-20,2023-07-26,0.04126086418107011,0.0006810166164703535,0.04057984756459976,1
1386,Qualcomm,84.0,,Post-IPO,7/19/2023,QCOM,2023-07-19,84.0,,QCOM:2023-07-19,0,1,2,47.0,0.04836532266693361,0.0383907459281283,0.06389280351160886,0.018782211092280062,1.223957075158504,0.041218805007019244,0.005730282178579758,2023-07-20,2023-07-26,-0.003214974726746589,0.0006810166164703535,-0.0038959913432169424,0
1265,Phunware,,,Post-IPO,7/21/2023,PHUN,2023-07-21,,,PHUN:2023-07-21,1,1,0,,-0.0865384280328908,-0.28971962616822433,-0.3677204498372375,0.03659939934004059,12.370975819762121,0.03589842379136288,0.0058407390641835675,2023-07-24,2023-07-28,-0.002631538792660315,0.010482429256612136,-0.01311396804927245,0
1291,Bark,,8%,Post-IPO,7/26/2023,BARK,2023-07-26,,8.0,BARK:2023-07-26,1,0,1,167.0,-0.020979034037302835,0.02189782444609789,0.2727272727272727,0.03344850668847322,0.6240299080394546,0.044340489235350056,0.004865126064464573,2023-07-27,2023-08-02,-0.014285700661795464,-0.011810964337258034,-0.00247473632453743,0
1226,Planet,117.0,10%,Post-IPO,8/1/2023,PL,2023-08-01,117.0,10.0,PL:2023-08-01,0,0,0,,0.12537316067177962,0.1635802376017741,-0.015665781716643568,0.032916369572900554,1.0531713474282107,0.028594547162902773,0.005128680804997628,2023-08-02,2023-08-08,-0.08488061932672875,-0.016933987071784062,-0.06794663225494468,0
1224,TripAdvisor,,,Post-IPO,8/2/2023,TRIP,2023-08-02,,,TRIP:2023-08-02,1,1,1,1191.0,-0.003957020503727593,0.07701712603143718,0.12086517429580823,0.022775644858639397,1.8892992548045495,0.015796490918791317,0.006150345645698875,2023-08-03,2023-08-09,-0.06810446684358173,-0.009730440546053765,-0.05837402629752797,0
1217,Salesforce,50.0,,Post-IPO,8/3/2023,CRM,2023-08-03,50.0,,CRM:2023-08-03,0,1,4,211.0,-0.0425939650762347,0.025792241001279193,0.08923680527612166,0.01663462527917033,1.0579592964202373,0.020879671953088375,0.0058777250342434036,2023-08-04,2023-08-10,-0.03391146233699682,-0.00652793718260436,-0.027383525154392463,0
1204,Astra,,25%,Post-IPO,8/4/2023,AZN,2023-08-04,,25.0,AZN:2023-08-04,1,0,1,269.0,-0.027057348357386823,0.0701619945022196,-0.0756524990162627,0.014989255229997334,0.6789427345158321,0.018834861582825768,0.00595811262574958,2023-08-07,2023-08-11,0.020635202105518502,-0.002596187359313107,0.02323138946483161,1
1199,Dell,,,Post-IPO,8/7/2023,DELL,2023-08-07,,,DELL:2023-08-07,1,1,1,182.0,0.03117923685591495,0.001450690729029258,0.1989873225354155,0.014760007036366861,0.7581590769081684,0.02513287559715205,0.0062008633502390244,2023-08-08,2023-08-14,0.040131915585291944,-0.005768664403588808,0.04590057998888075,1
1195,Doximity,100.0,10%,Post-IPO,8/8/2023,DOCS,2023-08-08,100.0,10.0,DOCS:2023-08-08,0,0,0,,-0.057487782333094706,-0.04624782150057849,-0.01175405021282061,0.02355018201412503,2.2666719832382998,0.014215835269048682,0.006199260294073445,2023-08-09,2023-08-15,-0.30924065306126247,-0.013058423767091432,-0.29618222929417104,0
1193,Rapid7,470.0,18%,Post-IPO,8/8/2023,RPD,2023-08-08,470.0,18.0,RPD:2023-08-08,0,0,0,,-0.12433974212007681,-0.064425063306217,-0.1016030685703232,0.021987166874165763,1.6618146939050247,0.014215835269048682,0.006199260294073445,2023-08-09,2023-08-15,0.22870063495198312,-0.013058423767091432,0.24175905871907455,1
1184,Blend,150.0,19%,Post-IPO,8/11/2023,BLND,2023-08-11,150.0,19.0,BLND:2023-08-11,0,0,4,213.0,0.1363635912086043,0.24999995032946476,0.4851485288747328,0.06264847643275034,1.632964158346899,-0.008079640769774965,0.0058700502184601214,2023-08-14,2023-08-18,-0.19999996821085608,-0.02053197730409162,-0.17946799090676446,0
1168,AppFolio,149.0,9%,Post-IPO,8/18/2023,APPF,2023-08-18,149.0,9.0,APPF:2023-08-18,0,0,1,87.0,-0.031779144339789234,-0.0924606968199645,0.16836958603939256,0.017807951773176352,1.8251754163496492,-0.034676648207025096,0.006320256541999062,2023-08-21,2023-08-25,0.10098227079761624,0.007949683312721945,0.09303258748489429,1
1167,Illumina,151.0,,Post-IPO,8/19/2023,ILMN,2023-08-19,151.0,,ILMN:2023-08-19,0,1,2,53.0,-0.07347075069078346,-0.12215863028775786,-0.18177810273343964,0.014259481762034586,0.7275887598915547,-0.034676648207025096,0.006320256541999062,2023-08-21,2023-08-25,-0.05465854217246979,0.007949683312721945,-0.06260822548519174,0
1169,Intel,140.0,,Post-IPO,8/19/2023,INTC,2023-08-19,140.0,,INTC:2023-08-19,0,1,2,201.0,-0.061335741878109085,-0.03386776167898531,0.11378582150385008,0.024451491691660047,0.6586796892065474,-0.034676648207025096,0.006320256541999062,2023-08-21,2023-08-25,0.015267310272431667,0.007949683312721945,0.007317626959709722,1
1158,Tempo Automation,,,Post-IPO,8/23/2023,TMPOQ,2023-08-23,,,TMPOQ:2023-08-23,1,1,1,37.0,-0.02293232665720213,-0.0007689480204426946,-0.1749206170197185,0.12631113318638096,0.035843573375840175,-0.0273979459592556,0.006991847849596797,2023-08-24,2023-08-30,-0.06387071044080062,0.018012270188425106,-0.08188298062922572,0
1150,BlackLine,95.0,5%,Post-IPO,8/24/2023,BL,2023-08-24,95.0,5.0,BL:2023-08-24,0,0,0,,0.03314263860111,-0.058262931899045634,0.04656270930711415,0.0279361382359591,0.5915976443170724,-0.034475832599252576,0.007450194869826473,2023-08-25,2023-08-31,0.14683984338835443,0.03080863872598827,0.11603120466236616,1
1145,Fortinet,,,Post-IPO,8/26/2023,FTNT,2023-08-26,,,FTNT:2023-08-26,1,1,0,,0.028866366869901405,-0.2342448042136509,-0.13932387242286026,0.05895599715787662,0.5084407445526132,-0.03709620418643489,0.007249737130763671,2023-08-28,2023-09-01,0.03502801412157952,0.025501824198483014,0.009526189923096506,1
1142,SenseTime,,,Post-IPO,8/28/2023,SNTMF,2023-08-28,,,SNTMF:2023-08-28,1,1,0,,0.665741377059293,0.27659579864612494,1.0000000000000009,0.13253577043891837,7.203626653418618,-0.032831481607498825,0.007436595117052564,2023-08-29,2023-09-05,0.0,0.014635388007727679,-0.014635388007727679,0
1139,Zebra Technologies,700.0,7%,Post-IPO,8/28/2023,ZBRA,2023-08-28,700.0,7.0,ZBRA:2023-08-28,0,0,0,,0.008933632337841724,-0.12352246747250806,0.01397445924160956,0.043850659809800394,0.3495982105873581,-0.032831481607498825,0.007436595117052564,2023-08-29,2023-09-05,0.012336938376587447,0.014635388007727679,-0.0022984496311402314,0
1127,Pegasystems,240.0,4%,Post-IPO,8/31/2023,PEGA,2023-08-31,240.0,4.0,PEGA:2023-08-31,0,0,1,239.0,0.03350686762542421,0.02223130963449038,0.05657912462440029,0.015700463333076817,2.3455451023796345,0.0033641159363115847,0.00768458630541258,2023-09-01,2023-09-08,-0.049738297700789635,-0.010725071981733114,-0.03901322571905652,0
1130,Expedia,,,Post-IPO,9/4/2023,EXPE,2023-09-04,,,EXPE:2023-09-04,1,1,2,49.0,0.024593175190451344,0.06182763336990926,0.004400016790601313,0.01699768609639401,0.6951125376688283,0.009802812288738583,0.007610532047147002,2023-09-05,2023-09-11,-0.009856632975135837,-0.006072841440027177,-0.0037837915351086604,0
1111,Roku,360.0,10%,Post-IPO,9/6/2023,ROKU,2023-09-06,360.0,10.0,ROKU:2023-09-06,0,0,2,160.0,0.07401872201129289,-0.004044354869636835,0.24050083876118755,0.02911273945962883,4.651821390309237,-0.005637895010366489,0.0075158108578003485,2023-09-07,2023-09-13,-0.08991762130728109,0.0006498873051858922,-0.09056750861246698,0
1117,Absci,30.0,15%,Post-IPO,9/7/2023,ABSI,2023-09-07,30.0,15.0,ABSI:2023-09-07,0,0,1,394.0,-0.11956523077136383,-0.0635838225967339,-0.029940091976750627,0.052697823293083104,0.9787449808828165,-0.0020190401448528794,0.007395558465660143,2023-09-08,2023-09-14,0.04320990879385578,0.012385956068043491,0.030823952725812287,1
1115,iSpecimen,,20%,Post-IPO,9/9/2023,ISPC,2023-09-09,,20.0,ISPC:2023-09-09,1,0,0,,-0.18965517241379315,-0.44705882352941173,-0.5451612903225806,0.05850998878643591,1.572139303482587,-0.0008748099528076425,0.007403544066132162,2023-09-11,2023-09-15,0.06808514967032364,-0.0013154309278303744,0.06940058059815402,1
1093,Google,75.0,,Post-IPO,9/13/2023,GOOG,2023-09-13,75.0,,GOOG:2023-09-13,0,1,1,236.0,0.015734773995038198,0.05550041561875174,0.10833499914950262,0.01271584180918063,0.8211055719326925,0.00817348489492753,0.007055902211180928,2023-09-14,2023-09-20,-0.021163813712016588,-0.014160290606529569,-0.0070035231054870195,0
1084,Cisco,350.0,,Post-IPO,9/20/2023,CSCO,2023-09-20,350.0,,CSCO:2023-09-20,0,1,1,307.0,-0.013859086557903133,0.0007213394683545093,0.11373966985802975,0.007110064995310134,0.752189183898834,0.004649742247512467,0.007592050895751053,2023-09-21,2023-09-27,-0.04144150511339939,-0.028702336092543912,-0.012739169020855479,0
1074,Roblox,30.0,,Post-IPO,9/21/2023,RBLX,2023-09-21,30.0,,RBLX:2023-09-21,0,1,0,,-0.08792794717324748,-0.04201364902142979,-0.3947871915198786,0.02023473150166625,1.210185786619294,-0.0228388042558596,0.008014341446251386,2023-09-22,2023-09-28,0.099565409361412,-0.006653104551059719,0.10621851391247172,1
1079,Robinhood,,,Post-IPO,9/24/2023,HOOD,2023-09-24,,,HOOD:2023-09-24,1,1,3,90.0,-0.09090911528519141,-0.06460945840770593,-0.047151324314459786,0.018216563921676223,0.7282984198232345,-0.01133402849948606,0.007443493311947048,2023-09-25,2023-09-29,0.011340269331396646,-0.006830721816683538,0.018170991148080184,1
1066,Snap,170.0,,Post-IPO,9/27/2023,SNAP,2023-09-27,170.0,,SNAP:2023-09-27,0,1,1,393.0,-0.05980066199573941,-0.14155718135538808,-0.29367725059989447,0.026524942633925096,0.7348891095238523,-0.04810569666118758,0.006783709191752152,2023-09-28,2023-10-04,0.02355710419987389,-0.0032625186694633657,0.026819622869337256,1
1049,Meta,,,Post-IPO,10/3/2023,META,2023-10-03,,,META:2023-10-03,1,1,2,203.0,0.006623360120898036,0.0026323115316677637,0.02325762654228747,0.017250067479657273,0.8416052754292539,-0.05823803300951613,0.007234827703349659,2023-10-04,2023-10-10,0.06944893204630964,0.030716911324563334,0.03873202072174631,1
1047,Bird,,,Post-IPO,10/4/2023,BIRD,2023-10-04,,,BIRD:2023-10-04,1,1,2,431.0,-0.04545457699921296,-0.17968752329653792,-0.15322585609917616,0.035315329880786006,1.197896659214711,-0.044959932511921874,0.007524501301489688,2023-10-05,2023-10-11,-0.100952408648743,0.02745704980772956,-0.12840945845647256,0
1039,Enovix,185.0,,Post-IPO,10/6/2023,ENVX,2023-10-06,185.0,,ENVX:2023-10-06,0,1,0,,-0.1768924488676693,-0.2958418629868401,-0.5026480647069616,0.043503365504605346,1.0057345404882954,-0.03246715895359409,0.008130315206177388,2023-10-09,2023-10-13,-0.014520776344445707,0.004562873721252414,-0.01908365006569812,0
1037,Shift,,100%,Post-IPO,10/7/2023,FOUR,2023-10-07,,100.0,FOUR:2023-10-07,1,0,3,87.0,-0.0066822997836776254,-0.023264097697436315,-0.20692139567207046,0.030763844929708614,0.6894155406857618,-0.03246715895359409,0.008130315206177388,2023-10-09,2023-10-13,-0.0787273060191761,0.004562873721252414,-0.08329017974042852,0
1043,Arrival,,25%,Post-IPO,10/10/2023,ARVLF,2023-10-10,,25.0,ARVLF:2023-10-10,1,0,3,253.0,0.05454540134461583,-0.2516129017372408,-0.4170854467023656,0.05563462601766514,1.1120289714805986,-0.02223643901405714,0.008205127859689767,2023-10-11,2023-10-17,-0.034482726727597,0.0034058088743280646,-0.037888535601925066,0
1021,Qualcomm,1258.0,2%,Post-IPO,10/13/2023,QCOM,2023-10-13,1258.0,2.0,QCOM:2023-10-13,0,0,3,86.0,-0.020021462276705204,-0.03959687017287783,-0.09352699735092673,0.011747769703481178,0.9693905412307386,-0.026772214850324993,0.007696979042241636,2023-10-16,2023-10-20,-0.00027615370486266944,-0.023893415531087037,0.023617261826224367,1
1027,Stitch Fix,558.0,,Post-IPO,10/15/2023,SFIX,2023-10-15,558.0,,SFIX:2023-10-15,0,1,4,93.0,-0.03194892632424373,-0.06191951904108195,-0.2836879532559805,0.04826090665253234,0.6381312342425189,-0.026772214850324993,0.007696979042241636,2023-10-16,2023-10-20,0.11881192637413895,-0.023893415531087037,0.142705341905226,1
1009,Expedia,100.0,,Post-IPO,10/17/2023,EXPE,2023-10-17,100.0,,EXPE:2023-10-17,0,1,3,43.0,0.0005913601061413587,-0.028973057699815175,-0.13078822197370432,0.016566397437295703,0.8221982247116343,-0.015111459288607465,0.008131466713295033,2023-10-18,2023-10-24,-0.04194987035699804,-0.028415992108511423,-0.01353387824848662,0
1003,Google,40.0,,Post-IPO,10/18/2023,GOOG,2023-10-18,40.0,,GOOG:2023-10-18,0,1,2,35.0,-0.01707832938503384,0.03484657914584233,0.1342944170791016,0.014806506510265046,0.9632583727764489,-0.019218646725284838,0.008405682825851064,2023-10-19,2023-10-25,-0.09053710320817587,-0.02942739511791248,-0.06110970809026339,0
1000,LegalZoom,100.0,,Post-IPO,10/19/2023,LZ,2023-10-19,100.0,,LZ:2023-10-19,0,1,0,,0.01669941760291671,0.020710062232420112,-0.29591833226104425,0.023937831518908544,0.8778926322953888,-0.011497674358556975,0.0078067575399440765,2023-10-20,2023-10-26,-0.012560397067585383,-0.032549510828267514,0.01998911376068213,1
1401,Western Digital,211.0,,Post-IPO,10/20/2023,WDC,2023-10-20,211.0,,WDC:2023-10-20,0,1,2,140.0,-0.06214447627466957,-0.05050961268492182,0.028310917436093375,0.016474848142154174,1.1955560757525432,-0.021444309741338485,0.008232938483390774,2023-10-23,2023-10-27,-0.09076054506096198,-0.024953032423292387,-0.0658075126376696,0
969,Viasat,800.0,10%,Post-IPO,11/2/2023,VSAT,2023-11-02,800.0,10.0,VSAT:2023-11-02,0,0,1,191.0,0.013383297425896279,0.2228682729302618,-0.32872341159459617,0.04794772023252143,0.8634778475757454,0.014746870743055807,0.00996116225986413,2023-11-03,2023-11-09,0.0021129956436278796,0.007150322350356841,-0.005037326706728962,0
2663,Beyond Meat,200.0,19%,Post-IPO,11/6/2023,BYND,2023-11-06,200.0,19.0,BYND:2023-11-06,0,0,2,388.0,0.17006803309531127,-0.14000002543131496,-0.47036184903470646,0.06382337273930049,0.771497193803523,0.00786507658576685,0.00973375862647447,2023-11-07,2023-11-13,-0.07122091755300486,0.010328308833756239,-0.0815492263867611,0
966,F5,120.0,2%,Post-IPO,11/6/2023,FFIV,2023-11-06,120.0,2.0,FFIV:2023-11-06,0,0,2,200.0,0.035585025567316686,-0.009296044287467442,-0.016359052987721334,0.013757392570858467,0.5289661514209397,0.00786507658576685,0.00973375862647447,2023-11-07,2023-11-13,0.026467329128320616,0.010328308833756239,0.016139020294564377,1
967,NIO,,10%,Post-IPO,11/6/2023,NIO,2023-11-06,,10.0,NIO:2023-11-06,1,0,0,,0.059840400320013476,-0.04436455103438208,-0.3821705406298538,0.039582543160490105,1.2427525087919107,0.00786507658576685,0.00973375862647447,2023-11-07,2023-11-13,-0.09410288829906799,0.010328308833756239,-0.10443119713282423,0
960,Nextdoor,,25%,Post-IPO,11/7/2023,NXDR,2023-11-07,,25.0,NXDR:2023-11-07,1,0,0,,0.0,-0.05699476584731611,-0.22222217127807964,0.03452389609782173,1.659431584012385,0.00549994913388141,0.009687123076932027,2023-11-08,2023-11-14,-0.06043956655765548,0.027006834543133573,-0.08744640110078905,0
954,Amazon,,,Post-IPO,11/8/2023,AMZN,2023-11-08,,,AMZN:2023-11-08,1,1,5,117.0,0.037080305336165686,0.07775164877214968,0.03203314971136639,0.026385706611530925,0.7587524384344563,0.0021315780770700954,0.009647208171644536,2023-11-09,2023-11-15,0.0078828484146507,0.028427675759766347,-0.020544827345115646,0
953,Snap,20.0,,Post-IPO,11/8/2023,SNAP,2023-11-08,20.0,,SNAP:2023-11-08,0,1,2,42.0,0.1241241040568486,0.23271130246478244,0.1746860930249401,0.0362296270823269,0.6474905387004998,0.0021315780770700954,0.009647208171644536,2023-11-09,2023-11-15,0.08637580646202281,0.028427675759766347,0.05794813070225646,1
959,Zillow,23.0,,Post-IPO,11/8/2023,Z,2023-11-08,23.0,,Z:2023-11-08,0,1,2,378.0,0.036204051781953295,-0.16119009743908808,-0.31020634538005476,0.028143218676271613,0.7514593521936871,0.0021315780770700954,0.009647208171644536,2023-11-09,2023-11-15,0.07305458510874607,0.028427675759766347,0.044626909348979726,1
957,Google,,,Post-IPO,11/9/2023,GOOG,2023-11-09,,,GOOG:2023-11-09,1,1,3,22.0,0.024187143671838163,-0.061301553320518676,0.019982910922287545,0.025192515923311048,0.749328682533741,0.00041519760414199247,0.009712512188091958,2023-11-10,2023-11-16,0.053231327646735105,0.03777875257257324,0.015452575074161867,1
947,Amazon,180.0,,Post-IPO,11/13/2023,AMZN,2023-11-13,180.0,,AMZN:2023-11-13,0,1,6,5.0,0.020394953003390226,0.07574494949058908,0.0703347472701521,0.026163702382387865,0.6202054604626537,0.009517379004754023,0.009989157553233607,2023-11-14,2023-11-20,0.02482648597965631,0.031963584223165586,-0.007137098243509277,0
941,Chewy,200.0,,Post-IPO,11/14/2023,CHWY,2023-11-14,200.0,,CHWY:2023-11-14,0,1,0,,-0.04134984797416741,0.09858384563026057,-0.26440554266329164,0.034345002737705486,1.2510285271814072,0.02915023090384028,0.010841199687249602,2023-11-15,2023-11-21,0.026276682431371157,0.010117376232268382,0.016159306199102774,1
928,Amazon,,,Post-IPO,11/17/2023,AMZN,2023-11-17,,,AMZN:2023-11-17,1,1,7,4.0,0.011284446536203863,0.15986254533476862,0.10118322746082131,0.025003911271876955,0.8550427101901545,0.07027706324886873,0.009297560358620205,2023-11-20,2023-11-27,0.017564424716927318,0.008185796493259678,0.00937862822366764,1
911,Unity,265.0,4%,Post-IPO,11/29/2023,U,2023-11-29,265.0,4.0,U:2023-11-29,0,0,4,174.0,0.06826180608197219,0.19668898723098915,-0.21306378513664292,0.037933370143159624,1.2323054577956538,0.08706370931854912,0.007244853099038477,2023-11-30,2023-12-06,0.037549386255932626,0.00032979794759580017,0.037219588308336826,1
899,Spotify,1500.0,17%,Post-IPO,12/4/2023,SPOT,2023-12-04,1500.0,17.0,SPOT:2023-12-04,0,0,5,182.0,0.06080641002545151,0.14231087804108666,0.24892260014396084,0.02025734454813427,4.540705771820074,0.050610812494581214,0.00624556506595937,2023-12-05,2023-12-11,0.018488934293376058,0.011605171000397041,0.006883763292979017,1
903,Twilio,,5%,Post-IPO,12/4/2023,TWLO,2023-12-04,,5.0,TWLO:2023-12-04,1,0,2,294.0,0.07430387084047774,0.24805912287344722,0.031154446877663444,0.022259096000638627,0.7541385809340913,0.050610812494581214,0.00624556506595937,2023-12-05,2023-12-11,0.054058082158594534,0.011605171000397041,0.04245291115819749,1
882,SmileDirectClub,,100%,Post-IPO,12/9/2023,SDCCQ,2023-12-09,,100.0,SDCCQ:2023-12-09,1,0,0,,-0.5394190973992607,-0.722499999534339,-0.9722500009872019,0.11130671626340782,4.045404510981975,0.06075970196370428,0.0060992842615468015,2023-12-11,2023-12-15,-0.6756756745418591,0.023973899788654718,-0.6996495743305138,0
873,Etsy,225.0,11%,Post-IPO,12/13/2023,ETSY,2023-12-13,225.0,11.0,ETSY:2023-12-13,0,0,0,,0.05569525086981719,0.22799070771395646,0.2773045930836646,0.029560444751945393,2.97148522826263,0.0485145361739745,0.004444686602606377,2023-12-14,2023-12-20,-0.00452548383098994,-0.0007256944320673808,-0.0037997893989225595,0
935,Sonos,,,Post-IPO,12/14/2023,SONO,2023-12-14,,,SONO:2023-12-14,1,1,2,183.0,0.08630400799678895,0.530396498276076,0.31292527892992394,0.038658511021050126,0.8980348755348326,0.049657529667696654,0.00444798406983226,2023-12-15,2023-12-21,0.002302763744741254,0.005522237647620942,-0.003219473902879688,0
861,eBay,20.0,,Post-IPO,12/18/2023,EBAY,2023-12-18,20.0,,EBAY:2023-12-18,0,1,1,314.0,0.01819926670907468,0.0658492195379492,-0.008041219768273544,0.014932534178807213,0.7802158185248317,0.05122910844860651,0.004586810063804136,2023-12-19,2023-12-26,0.022577557026522532,0.007797164998724959,0.014780392027797573,1
859,Arm Holdings,70.0,,Post-IPO,12/19/2023,ARM,2023-12-19,70.0,,ARM:2023-12-19,0,1,0,,0.07294083275355367,0.18319699972891468,0.27534904585968345,0.035864649086353145,0.5635307056526496,0.04954264655675478,0.0045040977919599155,2023-12-20,2023-12-27,0.06942243516690438,0.003516806713486087,0.0659056284534183,1
856,Enphase Energy,350.0,10%,Post-IPO,12/19/2023,ENPH,2023-12-19,350.0,10.0,ENPH:2023-12-19,0,0,0,,0.35564022979290044,0.37380718095653553,0.11742369140604447,0.04114987934985824,1.827560401043224,0.04954264655675478,0.0045040977919599155,2023-12-20,2023-12-27,0.0022908479294641015,0.003516806713486087,-0.0012259587840219854,0
850,Intel,311.0,,Post-IPO,12/19/2023,INTC,2023-12-19,311.0,,INTC:2023-12-19,0,1,3,122.0,0.05949124351927737,0.04291446433194124,0.3652209861950786,0.01868136307643982,0.8969184756890951,0.04954264655675478,0.0045040977919599155,2023-12-20,2023-12-27,0.08786968867489242,0.003516806713486087,0.08435288196140633,1
874,Analog Devices,111.0,,Post-IPO,12/21/2023,ADI,2023-12-21,111.0,,ADI:2023-12-21,0,1,0,,-0.019433366018037135,0.07956898194471584,0.14116573527402032,0.01579605500102277,0.7951629197388459,0.04306745670833245,0.005961872218886539,2023-12-22,2023-12-29,0.011616011616011557,0.005521379418768735,0.006094632197242822,1
887,Rivian,20.0,,Post-IPO,12/21/2023,RIVN,2023-12-21,20.0,,RIVN:2023-12-21,0,1,2,323.0,0.05127060200105782,0.47559453061199153,0.022993522958272283,0.04586335319087265,0.7188354475743051,0.04306745670833245,0.005961872218886539,2023-12-22,2023-12-29,-0.005089094131538019,0.005521379418768735,-0.010610473550306754,0
948,TripAdvisor,125.0,4%,Post-IPO,12/22/2023,TRIP,2023-12-22,125.0,4.0,TRIP:2023-12-22,0,0,2,142.0,0.1058090734193664,0.12684987361799127,0.2851114827445309,0.028544601287544307,0.8093281625455949,0.04452115251332822,0.005951400972844132,2023-12-26,2024-01-02,-0.012195132861327118,-0.002111353239624081,-0.010083779621703037,0
826,NuScale Power,154.0,28%,Post-IPO,1/6/2024,SMR,2024-01-06,154.0,28.0,SMR:2024-01-06,0,0,0,,-0.22023810495257135,-0.15755627847750953,-0.5411558900077813,0.05711847867939009,1.3115629866218075,0.03311003812509994,0.006307753071608273,2024-01-08,2024-01-12,-0.10305343233589426,0.018721166613614226,-0.12177459894950848,0
824,Unity,1800.0,25%,Post-IPO,1/8/2024,U,2024-01-08,1800.0,25.0,U:2024-01-08,0,0,5,40.0,-0.046710684175154005,0.22194357393011943,0.2877436059713936,0.0399893350752264,0.9873513293960804,0.03992370847155979,0.006795610774629375,2024-01-09,2024-01-16,-0.1251924352340632,0.0006951373258130555,-0.12588757255987626,0
818,Rent the Runway,37.0,10%,Post-IPO,1/9/2024,RENT,2024-01-09,37.0,10.0,RENT:2024-01-09,0,0,1,484.0,0.36776852827565465,0.045813580623748296,0.05750793027391787,0.10417038024775437,5.147945393070124,0.03390092734495931,0.006815622039688501,2024-01-10,2024-01-17,-0.2552870221202025,-0.003355137381197193,-0.2519318847390053,0
810,Amazon,,,Post-IPO,1/10/2024,AMZN,2024-01-10,,,AMZN:2024-01-10,1,1,8,54.0,0.035427995309415206,0.05373909363692064,0.18445183511666063,0.01395800146575406,0.9407830504956807,0.03571970661089896,0.006856925383051688,2024-01-11,2024-01-18,-0.0014961018274318727,-0.00014688103317483936,-0.0013492207942570333,0
805,Google,1000.0,,Post-IPO,1/11/2024,GOOG,2024-01-11,1000.0,,GOOG:2024-01-11,0,1,4,63.0,0.04078531476038161,0.07505232217319069,0.02263505805380528,0.01075539598377628,0.8131393557242081,0.030556506149381768,0.006841146367805614,2024-01-12,2024-01-19,0.02992973677450461,0.012763704279509014,0.017166032494995598,1
793,Playtika,300.0,10%,Post-IPO,1/11/2024,PLTK,2024-01-11,300.0,10.0,PLTK:2024-01-11,0,0,2,397.0,-0.010075458766924061,-0.0687202530215657,-0.1761006886000963,0.02439668582986966,0.7765394976581974,0.030556506149381768,0.006841146367805614,2024-01-12,2024-01-19,-0.05597963819333618,0.012763704279509014,-0.06874334247284519,0
812,SoFi,,4%,Post-IPO,1/11/2024,SOFI,2024-01-11,,4.0,SOFI:2024-01-11,1,0,1,346.0,-0.029691211132391926,0.02767299022729719,-0.00969696044921875,0.05330058421326636,0.9768251943400057,0.030556506149381768,0.006841146367805614,2024-01-12,2024-01-19,-0.08323137072530373,0.012763704279509014,-0.09599507500481275,0
925,Presto,,17%,Post-IPO,1/13/2024,NPK,2024-01-13,,17.0,NPK:2024-01-13,1,0,0,,0.018863028934111847,0.006664956245100662,0.08443013877021888,0.009676848626371965,0.5414480587618048,0.017242674572050642,0.006202713114511452,2024-01-16,2024-01-22,0.0175331894011046,0.014202417339894469,0.00333077206121013,1
776,Amazon,30.0,,Post-IPO,1/19/2024,AMZN,2024-01-19,30.0,,AMZN:2024-01-19,0,1,9,9.0,0.0010310843514709234,0.010078699001397018,0.22740201749745226,0.012692991607133077,1.247819102032928,0.0159843265616475,0.0069968433541190865,2024-01-22,2024-01-26,0.024333712298246324,0.010322631558970619,0.014011080739275705,1
775,Wayfair,1650.0,13%,Post-IPO,1/19/2024,W,2024-01-19,1650.0,13.0,W:2024-01-19,0,0,2,364.0,0.017400814410581278,-0.15872302096574042,0.3241330945105434,0.040056700241429204,4.433090309177855,0.0159843265616475,0.0069968433541190865,2024-01-22,2024-01-26,0.0007125797268654477,0.010322631558970619,-0.009610051832105171,0
774,SolarEdge,900.0,16%,Post-IPO,1/21/2024,SEDG,2024-01-21,900.0,16.0,SEDG:2024-01-21,0,0,0,,-0.10963671521649365,-0.32404145095505854,-0.19160132954407028,0.030789756789748848,0.9515276173302152,0.0159843265616475,0.0069968433541190865,2024-01-22,2024-01-26,-0.003906877008774012,0.010322631558970619,-0.014229508567744631,0
760,eBay,1000.0,9%,Post-IPO,1/23/2024,EBAY,2024-01-23,1000.0,9.0,EBAY:2024-01-23,0,0,2,36.0,0.01744462666613411,-0.0530529196180779,0.060211314804828886,0.00973627694777297,1.0866243365107795,0.02572445561111092,0.005810245663926269,2024-01-24,2024-01-30,0.013040593754074292,0.012436723395421012,0.0006038703586532801,1
772,Google,,,Post-IPO,1/23/2024,GOOG,2024-01-23,,,GOOG:2024-01-23,1,1,5,12.0,0.031926490867752566,0.04851869666684472,0.1737583790561612,0.01032644223162964,0.8037238628585226,0.02572445561111092,0.005810245663926269,2024-01-24,2024-01-30,0.02939197092224921,0.012436723395421012,0.0169552475268282,1
759,SAP,8000.0,7%,Post-IPO,1/24/2024,SAP,2024-01-24,8000.0,7.0,SAP:2024-01-24,0,0,1,363.0,0.10666764243817961,0.14348398456821476,0.33066606552413313,0.01928828683454482,3.23665728676488,0.02478635947766783,0.005807857039458391,2024-01-25,2024-01-31,-0.008647824736255916,-0.0051711360201875944,-0.0034766887160683213,0
973,Sportradar,,10%,Post-IPO,1/24/2024,SRAD,2024-01-24,,10.0,SRAD:2024-01-24,1,0,0,,-0.04931506586841372,-0.04931506586841372,0.19517793361879332,0.02669659330373601,6.535637636959223,0.02478635947766783,0.005807857039458391,2024-01-25,2024-01-31,-0.00864554792575356,-0.0051711360201875944,-0.003474411905565966,0
756,Aurora,,3%,Post-IPO,1/25/2024,ACB,2024-01-25,,3.0,ACB:2024-01-25,1,0,0,,-0.012195052453833122,-0.18999996185302737,-0.0711009021299418,0.02755707846282729,0.705400232027451,0.02602753513418743,0.005846956187640315,2024-01-26,2024-02-01,-0.014814858857385205,0.0023974134489443966,-0.0172122723063296,0
758,HubSpot,,,Post-IPO,1/25/2024,HUBS,2024-01-25,,,HUBS:2024-01-25,1,1,1,359.0,0.02059557749006391,0.0020014761787372493,0.40709154137343395,0.019217784568446472,0.7824083645922557,0.02602753513418743,0.005846956187640315,2024-01-26,2024-02-01,0.04650605422753884,0.0023974134489443966,0.04410864077859444,1
745,Microsoft,1900.0,,Post-IPO,1/25/2024,MSFT,2024-01-25,1900.0,,MSFT:2024-01-25,0,1,4,199.0,0.027928014264009704,0.08063314527002485,0.23007724327274803,0.008173313173510935,0.9285142279394389,0.02602753513418743,0.005846956187640315,2024-01-26,2024-02-01,-0.00269218004456373,0.0023974134489443966,-0.005089593493508127,0
778,Stitch Fix,,,Post-IPO,1/25/2024,SFIX,2024-01-25,,,SFIX:2024-01-25,1,1,5,102.0,0.03115261789538648,-0.12433863284856783,0.012232404307749745,0.02804246949499668,1.096400621258501,0.02602753513418743,0.005846956187640315,2024-01-26,2024-02-01,-0.0030211452072894662,0.0023974134489443966,-0.005418558656233863,0
742,Salesforce,700.0,1%,Post-IPO,1/26/2024,CRM,2024-01-26,700.0,1.0,CRM:2024-01-26,0,0,5,176.0,-0.00334663387316092,0.04956507341280947,0.4048275565535049,0.015267973387204318,0.9117487615665015,0.022874705802012674,0.0058733882369582215,2024-01-29,2024-02-02,0.020432856013806067,0.014238605284626837,0.006194250729179229,1
784,Google,,,Post-IPO,1/30/2024,GOOG,2024-01-30,,,GOOG:2024-01-30,1,1,6,7.0,0.02939197092224921,0.08600008656373448,0.19973317987574002,0.011319368865690026,1.3811435957727358,0.03277874364615552,0.005997268516425295,2024-01-31,2024-02-06,-0.049918021740970486,0.006294648675474468,-0.056212670416444954,0
730,PayPal,2500.0,9%,Post-IPO,1/30/2024,PYPL,2024-01-30,2500.0,9.0,PYPL:2024-01-30,0,0,2,364.0,-0.01698054315492581,0.036964538910870814,0.23267509405284925,0.02881361838831497,0.8793667058071549,0.03277874364615552,0.005997268516425295,2024-01-31,2024-02-06,0.0004711306772822166,0.006294648675474468,-0.005823517998192251,0
727,Innoviz,60.0,13%,Post-IPO,2/1/2024,INVZ,2024-02-01,60.0,13.0,INVZ:2024-02-01,0,0,0,,-0.011627895694091173,-0.30612244302160996,0.0625000139698384,0.04011131144618948,0.9815901030103846,0.043537533416988516,0.0071928596578335405,2024-02-02,2024-02-08,-0.03529415312110251,0.018642589755308414,-0.053936742876410926,0
718,Okta,400.0,7%,Post-IPO,2/1/2024,OKTA,2024-02-01,400.0,7.0,OKTA:2024-02-01,0,0,2,364.0,0.0046148311417595345,0.012280895976706674,0.21493996655425285,0.017747561398058106,1.1697243173808505,0.043537533416988516,0.0071928596578335405,2024-02-02,2024-02-08,-0.0025912981949248737,0.018642589755308414,-0.021233887950233288,0
719,Zoom,150.0,2%,Post-IPO,2/1/2024,ZM,2024-02-01,150.0,2.0,ZM:2024-02-01,0,0,1,359.0,-0.03811924895613539,-0.03453922522059594,0.029528444929223463,0.017463217811816926,1.5237470725995317,0.043537533416988516,0.0071928596578335405,2024-02-02,2024-02-08,-0.014649143725443459,0.018642589755308414,-0.03329173348075187,0
720,Illumina,111.0,,Post-IPO,2/2/2024,ILMN,2024-02-02,111.0,,ILMN:2024-02-02,0,1,3,167.0,0.025456931218914125,0.09723807988754474,0.27800424262475554,0.02014552414488117,0.6127707377824182,0.05793109709144306,0.007307806557275598,2024-02-05,2024-02-09,-0.0441717260229153,0.013856507714040678,-0.05802823373695598,0
799,Cloudflare,40.0,,Post-IPO,2/2/2024,NET,2024-02-02,40.0,,NET:2024-02-02,0,1,0,,0.030805702311074823,0.07575165373055825,0.30961813859216325,0.0274943819575706,1.4063151704945607,0.05793109709144306,0.007307806557275598,2024-02-05,2024-02-09,0.3057470801758426,0.013856507714040678,0.29189057246180194,1
704,Snap,500.0,10%,Post-IPO,2/5/2024,SNAP,2024-02-05,500.0,10.0,SNAP:2024-02-05,0,0,3,89.0,-0.008288892522651081,0.01208463880116617,0.5282846662135554,0.03187051042290746,1.6215430003639455,0.05263725085940263,0.007445648863784535,2024-02-06,2024-02-12,-0.3050746063687908,0.01711501595808662,-0.3221896223268774,0
701,DocuSign,440.0,6%,Post-IPO,2/6/2024,DOCU,2024-02-06,440.0,6.0,DOCU:2024-02-06,0,0,2,355.0,-0.15322191767386806,-0.06270215034197602,0.26841713625406394,0.03371679354345062,2.1503066083757854,0.040834271040471215,0.006922445038336868,2024-02-07,2024-02-13,-0.031627329290646156,0.000202375758701967,-0.03182970504934812,0
702,Amazon,400.0,,Post-IPO,2/7/2024,AMZN,2024-02-07,400.0,,AMZN:2024-02-07,0,1,10,19.0,0.09877578693617561,0.1265772892922148,0.21287333838197364,0.02086859939823511,0.9397145902362837,0.051110112326072876,0.0070073062925833035,2024-02-08,2024-02-14,0.0026388140002544525,0.0009435896267782073,0.001695224373476245,1
695,Getaround,,30%,Post-IPO,2/8/2024,GETR,2024-02-08,,30.0,GETR:2024-02-08,1,0,1,371.0,0.026840147932956304,0.29354509471627144,0.40746935253041494,0.18025111641041094,0.06899070258600282,0.04566062439583529,0.006981410348887025,2024-02-09,2024-02-15,0.024950504538569174,0.007404981140648248,0.017545523397920926,1
699,Tenable,,5%,Post-IPO,2/8/2024,TENB,2024-02-08,,5.0,TENB:2024-02-08,1,0,0,,0.06621823725219911,0.09522780644864226,0.35578726082811674,0.015429655526815014,2.161005434782609,0.04566062439583529,0.006981410348887025,2024-02-09,2024-02-15,0.014392735107789267,0.007404981140648248,0.006987753967141019,1
678,Cisco,4250.0,5%,Post-IPO,2/14/2024,CSCO,2024-02-14,4250.0,5.0,CSCO:2024-02-14,0,0,2,147.0,0.010247139982349829,-0.00039771270715549534,0.05477192274649112,0.012174336035388074,1.5592456740690208,0.055643758760911544,0.007741701431354498,2024-02-15,2024-02-22,-0.03400955213873025,0.017911175563402937,-0.051920727702133185,0
685,Riskified,40.0,6%,Post-IPO,2/14/2024,RSKD,2024-02-14,40.0,6.0,RSKD:2024-02-14,0,0,0,,-0.008474568565903118,0.07586205308984462,0.16708218484157356,0.021344890343080257,1.5851939142694809,0.055643758760911544,0.007741701431354498,2024-02-15,2024-02-22,-0.04700850390196476,0.017911175563402937,-0.0649196794653677,0
671,Toast,550.0,10%,Post-IPO,2/15/2024,TOST,2024-02-15,550.0,10.0,TOST:2024-02-15,0,0,0,,0.00576221107764896,0.1047181639848005,0.33333342163651336,0.03420811747624224,2.6922383662298337,0.0535584693554938,0.0076708377077348705,2024-02-16,2024-02-23,0.09843746429930267,0.011633098018702492,0.08680436628060018,1
664,Aptiv,250.0,,Post-IPO,2/20/2024,APTV,2024-02-20,250.0,,APTV:2024-02-20,0,1,0,,-0.07185481893984014,-0.02799997329711912,-0.03798094303203059,0.024847676249331672,0.7583638215993037,0.02753130765269196,0.007657680264417732,2024-02-21,2024-02-27,0.013760283763234016,0.020472627179431768,-0.006712343416197752,0
660,Affirm,60.0,,Post-IPO,2/21/2024,AFRM,2024-02-21,60.0,,AFRM:2024-02-21,0,1,2,378.0,-0.07748432279382866,-0.12440312240432305,0.43410240933119426,0.05528775085875977,0.5326134380453752,0.025471258683612774,0.007649735307748438,2024-02-22,2024-02-28,0.022634357035708597,0.018201543974287082,0.004432813061421514,1
663,Rivian,,10%,Post-IPO,2/21/2024,RIVN,2024-02-21,,10.0,RIVN:2024-02-21,1,0,3,62.0,0.0006502099354632751,-0.04052372413366656,-0.03692110236637758,0.03571500297838847,1.5352907668890108,0.025471258683612774,0.007649735307748438,2024-02-22,2024-02-28,-0.265756989041421,0.018201543974287082,-0.28395853301570806,0
662,BuzzFeed,,16%,Post-IPO,2/22/2024,BZFD,2024-02-22,,16.0,BZFD:2024-02-22,1,0,2,308.0,0.9999999999999998,0.6093022333860023,0.21830976973614113,0.16958347706523613,8.409689076064817,0.04555082448459724,0.0087939003333467,2024-02-23,2024-02-29,-0.008670495088085928,0.0011428448646004785,-0.009813339952686406,0
654,Expedia,1500.0,8%,Post-IPO,2/26/2024,EXPE,2024-02-26,1500.0,8.0,EXPE:2024-02-26,0,0,4,132.0,-0.002218004532548501,-0.11176188831468437,-0.003470485224762454,0.04431465161271039,0.7069896405354081,0.038119799301005175,0.008831270838443445,2024-02-27,2024-03-04,0.004223702624922776,0.012470659241719861,-0.008246956616797085,0
653,Apple,,,Post-IPO,2/27/2024,AAPL,2024-02-27,,,AAPL:2024-02-27,1,1,1,328.0,0.005893428081749752,-0.04624705329650569,-0.03436087296799917,0.009608144124221807,0.9992033068559942,0.03187654263012685,0.00871743354290296,2024-02-28,2024-03-05,-0.06849915205256996,0.0004932012460030499,-0.068992353298573,0
651,Bumble,350.0,30%,Post-IPO,2/27/2024,BMBL,2024-02-27,350.0,30.0,BMBL:2024-02-27,0,0,0,,-0.007530077545644498,-0.0815331041945323,-0.08408617159682263,0.03163882363651942,2.805155451323618,0.03187654263012685,0.00871743354290296,2024-02-28,2024-03-05,-0.16691962913502456,0.0004932012460030499,-0.1674128303810276,0
841,Xerox,3000.0,15%,Post-IPO,2/29/2024,XRX,2024-02-29,3000.0,15.0,XRX:2024-02-29,0,0,1,358.0,-0.0037392883054191417,0.01029253468139335,0.3337659204270145,0.020806972126632402,1.5076679122282828,0.052186727561896795,0.007645931555809213,2024-03-01,2024-03-07,-0.10134044917100826,0.013245973423444024,-0.11458642259445229,0
631,Meta,,,Post-IPO,3/8/2024,META,2024-03-08,,,META:2024-03-08,1,1,3,157.0,0.0072667432818913635,0.07763175939038947,0.5570796626562124,0.01790020269117051,1.0930876989942906,0.0268903955401123,0.00788838626898643,2024-03-11,2024-03-15,-0.04318627166806388,-0.0005980280348890643,-0.042588243633174816,0
958,Oportun,185.0,7%,Post-IPO,3/8/2024,OPRT,2024-03-08,185.0,7.0,OPRT:2024-03-08,0,0,1,373.0,-0.08354434383314657,0.10365851132164794,0.2354948133381929,0.04324414523470642,0.6786832529406787,0.0268903955401123,0.00788838626898643,2024-03-11,2024-03-15,-0.15193369328831918,-0.0005980280348890643,-0.15133566525343012,0
684,Impinj,50.0,10%,Post-IPO,3/14/2024,PI,2024-03-14,50.0,10.0,PI:2024-03-14,0,0,0,,0.08235596974435722,0.20633227934221732,0.40114708618384576,0.03082220299529849,2.5118465153908387,0.03285404368912115,0.007189770747555728,2024-03-15,2024-03-21,0.011557929879867146,0.01722962208766088,-0.005671692207793733,0
624,IBM,,,Post-IPO,3/17/2024,IBM,2024-03-17,,,IBM:2024-03-17,1,1,2,242.0,-0.02490430675068933,0.022475599991153672,0.18478531126015718,0.016381638809654517,1.7498406884242177,0.018732590673519844,0.00731776804491639,2024-03-18,2024-03-22,-0.0012037830975978325,0.02232139583275683,-0.023525178930354662,0
689,SiriusXM,160.0,3%,Post-IPO,3/17/2024,SIRI,2024-03-17,160.0,3.0,SIRI:2024-03-17,0,0,1,377.0,-0.02644222249210393,-0.1562496791036928,-0.22147521415244764,0.01548938475585897,1.597500618658748,0.018732590673519844,0.00731776804491639,2024-03-18,2024-03-22,-0.0419756275355635,0.02232139583275683,-0.06429702336832033,0
609,Dell,6000.0,5%,Post-IPO,3/27/2024,DELL,2024-03-27,6000.0,5.0,DELL:2024-03-27,0,0,2,233.0,0.005491968967556993,0.19764044440580353,0.46639121670789296,0.07480996225621238,0.3605344907347332,0.036612678271146226,0.00613099625473904,2024-03-28,2024-04-04,0.13861033013103885,-0.01930537754439865,0.1579157076754375,1
594,Amazon,,,Post-IPO,4/3/2024,AMZN,2024-04-03,,,AMZN:2024-04-03,1,1,11,56.0,0.023051040605750694,0.04761089350675918,0.25592121153351743,0.011249742692666273,0.9021261708584533,0.027295575090359625,0.005552364367516434,2024-04-04,2024-04-10,0.019406793569777037,-0.010184550441652118,0.029591344011429155,1
589,Apple,614.0,,Post-IPO,4/4/2024,AAPL,2024-04-04,614.0,,AAPL:2024-04-04,0,1,2,37.0,-0.025907300206424955,-0.0017738174762976788,-0.089052407671936,0.013583225581390891,0.8190862887800625,0.009640360307423101,0.006245813860493224,2024-04-05,2024-04-11,0.036843974987929906,0.00960893534539542,0.027235039642534487,1
608,GoPro,,4%,Post-IPO,4/8/2024,GPRO,2024-04-08,,4.0,GPRO:2024-04-08,1,0,1,1454.0,-0.0844444698757596,-0.12340424409437156,-0.3738601925030762,0.030406691578695924,0.5147928406030431,0.016828915388394483,0.006097948684490728,2024-04-09,2024-04-15,-0.14563104885891243,-0.02750996778123338,-0.11812108107767905,0
584,Intel,62.0,,Post-IPO,4/11/2024,INTC,2024-04-11,62.0,,INTC:2024-04-11,0,1,4,114.0,-0.0528567504923374,-0.12953962352976844,-0.19803861827603808,0.02411421532116009,0.8261334223287311,0.007053700725184964,0.006315988523561877,2024-04-12,2024-04-18,-0.06882807567294269,-0.03567574459144485,-0.03315233108149784,0
575,Criteo,140.0,4%,Post-IPO,4/12/2024,CRTO,2024-04-12,140.0,4.0,CRTO:2024-04-12,0,0,1,416.0,-0.01739380141601743,-0.02324262253958509,0.423378785114203,0.00700264856851049,0.8639797825571907,-0.004879741255164105,0.007057401956883793,2024-04-15,2024-04-19,0.027858360707421648,-0.030713514075348836,0.05857187478277048,1
574,Tesla,14000.0,10%,Post-IPO,4/15/2024,TSLA,2024-04-15,14000.0,10.0,TSLA:2024-04-15,0,0,1,523.0,-0.06648167582402797,-0.012777474494679142,-0.23787053045967643,0.031148590431960013,1.0756865468762449,-0.01055229784802314,0.007441094092535125,2024-04-16,2024-04-22,-0.12032445621663856,-0.009376637847301583,-0.11094781836933698,0
572,Take-Two,579.0,5%,Post-IPO,4/16/2024,TTWO,2024-04-16,579.0,5.0,TTWO:2024-04-16,0,0,1,406.0,-0.05979314920797807,0.005739191391772147,-0.10821587059948612,0.016480721284175135,1.1187083840481133,-0.018192071151712508,0.007288006785311563,2024-04-17,2024-04-23,-0.02564452255620442,0.004210159028751992,-0.02985468158495641,0
570,Google,,,Post-IPO,4/17/2024,GOOG,2024-04-17,,,GOOG:2024-04-17,1,1,7,78.0,-0.004947213891161484,0.060573394478694365,0.062081169246260615,0.013488123651222624,0.8755333982523624,-0.029396361917225056,0.007204781412462595,2024-04-18,2024-04-24,0.026899441826223613,0.009709305215839903,0.01719013661038371,1
571,Rivian,,1%,Post-IPO,4/17/2024,RIVN,2024-04-17,,1.0,RIVN:2024-04-17,1,0,4,56.0,-0.14897766489278919,-0.2238011018241265,-0.4547723395670592,0.03440203656708738,0.7955337548444706,-0.029396361917225056,0.007204781412462595,2024-04-18,2024-04-24,0.011441691543309096,0.009709305215839903,0.001732386327469193,1
559,Expedia,,,Post-IPO,4/25/2024,EXPE,2024-04-25,,,EXPE:2024-04-25,1,1,5,59.0,0.061964017446860975,-0.019713729410325564,-0.10196415639917034,0.01392728000654876,0.8416828050861945,-0.03761685529143255,0.007598272824636481,2024-04-26,2024-05-02,-0.0011743823195226044,0.003058682956678549,-0.004233065276201153,0
550,Google,,,Post-IPO,4/30/2024,GOOG,2024-04-30,,,GOOG:2024-04-30,1,1,8,13.0,0.029514704087705734,0.056264841761988205,0.14699735684086312,0.02750808641340614,1.3185825219961327,-0.0324956200173383,0.008662772732301758,2024-05-01,2024-05-07,0.05065608168996372,0.0302004007100396,0.020455680979924118,1
547,Tesla,500.0,,Post-IPO,5/1/2024,TSLA,2024-05-01,500.0,,TSLA:2024-05-01,0,1,2,16.0,0.11015851521907227,0.06895118347592266,-0.005909599469001603,0.05460208580947618,0.809636970011719,-0.03669547298940723,0.008645622845732266,2024-05-02,2024-05-08,-0.029279427254982116,0.03365634852862964,-0.06293577578361176,0
544,Google,200.0,,Post-IPO,5/2/2024,GOOG,2024-05-02,200.0,,GOOG:2024-05-02,0,1,9,2.0,0.06654007245945048,0.10872729521467228,0.15851726085220652,0.02664273021999674,0.762359242181513,-0.01567037533665583,0.008628108507037692,2024-05-03,2024-05-09,0.018520550430261462,0.02997838650151108,-0.011457836071249616,0
542,Peloton,400.0,15%,Post-IPO,5/2/2024,PTON,2024-05-02,400.0,15.0,PTON:2024-05-02,0,0,4,290.0,0.03300334785326098,-0.1784776479136997,-0.2853881203972424,0.04151006499037768,4.316294725391972,-0.01567037533665583,0.008628108507037692,2024-05-03,2024-05-09,0.42492008788428426,0.02997838650151108,0.3949417013827732,1
541,Bakkt,28.0,,Post-IPO,5/3/2024,BKKT,2024-05-03,28.0,,BKKT:2024-05-03,0,1,1,510.0,-0.35,-0.4183445289433536,-0.8206896551724138,0.09401341558245044,1.2474528205024435,-0.013772314794658569,0.008771051443558225,2024-05-06,2024-05-10,0.513846177321214,0.01867820479960658,0.4951679725216074,1
540,Sprinklr,116.0,3%,Post-IPO,5/3/2024,CXM,2024-05-03,116.0,3.0,CXM:2024-05-03,0,0,2,443.0,0.0,-0.015676533182948815,-0.04559997558593765,0.016010997863798147,1.6407263655549924,-0.013772314794658569,0.008771051443558225,2024-05-06,2024-05-10,0.020117331515409953,0.01867820479960658,0.0014391267158033738,1
536,Enovix,170.0,33%,Post-IPO,5/6/2024,ENVX,2024-05-06,170.0,33.0,ENVX:2024-05-06,0,0,1,213.0,0.5069337562220271,0.32341000130791464,-0.08598131707416634,0.11445456029070987,1.6855588258811793,-0.004144714491140178,0.009107787797217928,2024-05-07,2024-05-13,-0.10224949154433127,0.008401233609021563,-0.11065072515335284,0
526,Google,57.0,,Post-IPO,5/11/2024,GOOG,2024-05-11,57.0,,GOOG:2024-05-11,0,1,10,9.0,0.00769263372623219,0.06972779028193021,0.15733314713402424,0.02648361154807322,0.8409530517053413,0.019555575509757395,0.008090465251596578,2024-05-13,2024-05-17,0.04110638672772993,0.01653104240962011,0.024575344318109815,1
538,Rivian,150.0,1%,Post-IPO,5/11/2024,RIVN,2024-05-11,150.0,1.0,RIVN:2024-05-11,0,0,5,24.0,-0.007944381939472667,0.0941949228803387,-0.357142870293358,0.03710851686582455,0.792186843712167,0.019555575509757395,0.008090465251596578,2024-05-13,2024-05-17,0.051051075131781865,0.01653104240962011,0.03452003272216175,1
496,Google,100.0,,Post-IPO,6/1/2024,GOOG,2024-06-01,100.0,,GOOG:2024-06-01,0,1,11,21.0,-0.006283542973941736,0.032648514054814726,0.31231141656941785,0.010062281929935506,1.606205852529792,0.04423494672896622,0.005942714867744533,2024-06-03,2024-06-07,0.011439414921913693,0.012590811841058702,-0.001151396919145009,0
494,Microsoft,1000.0,,Post-IPO,6/3/2024,MSFT,2024-06-03,1000.0,,MSFT:2024-06-03,0,1,5,130.0,-0.03868340298376005,0.01870319467579784,0.012528419501228072,0.011101813986610216,0.9386596719171131,0.03229092229255004,0.005438083444022974,2024-06-04,2024-06-10,0.03470211668372314,0.014892007497614212,0.019810109186108926,1
490,Pagaya,100.0,20%,Post-IPO,6/5/2024,PGY,2024-06-05,100.0,20.0,PGY:2024-06-05,0,0,1,504.0,-0.0025337611980211783,0.09860469019690221,-0.23559866890519854,0.053582287631978746,0.9054929889844501,0.033897855088700135,0.005578881271746082,2024-06-06,2024-06-12,0.12701100310787994,0.01251269127107335,0.11449831183680659,1
493,Yext,,12%,Post-IPO,6/5/2024,YEXT,2024-06-05,,12.0,YEXT:2024-06-05,1,0,1,499.0,-0.014256557433726447,-0.15087713779908352,-0.18518516734615964,0.0226919605491209,1.3223258895793413,0.033897855088700135,0.005578881271746082,2024-06-06,2024-06-12,0.07231402760295946,0.01251269127107335,0.05980133633188611,1
478,Medtronic,,,Post-IPO,6/14/2024,MDT,2024-06-14,,,MDT:2024-06-14,1,1,1,428.0,-0.03604130124891636,-0.053713349195253834,-0.02771443674331353,0.015465998684886342,0.5234680860423173,0.026650909702038428,0.005067487881931729,2024-06-17,2024-06-24,0.0,0.0031521678099855066,-0.0031521678099855066,0
470,Chegg,441.0,23%,Post-IPO,6/18/2024,CHGG,2024-06-18,441.0,23.0,CHGG:2024-06-18,0,0,1,371.0,-0.24999996688630755,-0.3366093528734241,-0.6542893639608915,0.038533685193861786,4.248975569490712,0.03476950455921801,0.0052824212647087105,2024-06-20,2024-06-26,0.07777779053268086,-0.0022244921199340295,0.08000228265261489,1
458,Ginkgo Bioworks,,,Post-IPO,6/18/2024,DNA,2024-06-18,,,DNA:2024-06-18,1,1,0,,-0.18410849561198928,-0.45039162898034546,-0.6065420454959699,0.03846372786705854,0.6423461754044393,0.03476950455921801,0.0052824212647087105,2024-06-20,2024-06-26,-0.3254157034593913,-0.0022244921199340295,-0.3231912113394573,0
476,Satellogic,70.0,30%,Post-IPO,6/18/2024,SATL,2024-06-18,70.0,30.0,SATL:2024-06-18,0,0,0,,-0.01907348717070889,-0.27516776107194274,-0.34939755142678086,0.05466698898294579,0.21729682746631898,0.03476950455921801,0.0052824212647087105,2024-06-20,2024-06-26,-0.06481486080605126,-0.0022244921199340295,-0.06259036868611723,0
460,Ginkgo Bioworks,400.0,35%,Post-IPO,6/23/2024,DNA,2024-06-23,400.0,35.0,DNA:2024-06-23,0,0,1,5.0,-0.08225110905926636,-0.39514983841955087,-0.6037383320841982,0.04071979536646617,1.5145655221718368,0.031022645762885492,0.005315810758169529,2024-06-24,2024-06-28,-0.21226412866326794,-0.0005325908809398205,-0.21173153778232812,0
466,PayPal,85.0,,Post-IPO,6/23/2024,PYPL,2024-06-23,85.0,,PYPL:2024-06-23,0,1,3,145.0,-0.015112113132285554,-0.02540598379922665,-0.09089538963084953,0.020016417431603956,1.5154684929656508,0.031022645762885492,0.005315810758169529,2024-06-24,2024-06-28,-0.04256727495121171,-0.0005325908809398205,-0.04203468407027189,0
465,Wex,375.0,5%,Post-IPO,6/23/2024,WEX,2024-06-23,375.0,5.0,WEX:2024-06-23,0,0,0,,0.005669630852961349,-0.10801520178745805,-0.26470961829727635,0.013703056128858129,2.1769687655091814,0.031022645762885492,0.005315810758169529,2024-06-24,2024-06-28,0.019041578114983526,-0.0005325908809398205,0.019574168995923347,1
455,Perion,35.0,5%,Post-IPO,6/26/2024,PERI,2024-06-26,35.0,5.0,PERI:2024-06-26,0,0,1,688.0,-0.07411505300013388,-0.30481728304998357,-0.6174588571023589,0.07323753231946997,0.6039592972304819,0.03295515828403084,0.004922557822582206,2024-06-27,2024-07-03,0.0011947704920629576,0.010907399512499083,-0.009712629020436125,0
454,eBay,,,Post-IPO,6/28/2024,EBAY,2024-06-28,,,EBAY:2024-06-28,1,1,3,157.0,-0.007940773131253853,0.012057291747919585,0.041335851692975156,0.013435550629503686,1.3651465043607687,0.04470956529601611,0.004243386104202563,2024-07-01,2024-07-08,-0.01731216284957393,0.020322896739014107,-0.03763505958858804,0
452,Planet,180.0,17%,Post-IPO,6/28/2024,PL,2024-06-28,180.0,17.0,PL:2024-06-28,0,0,1,332.0,-0.06060606243050637,-0.03626939644829208,-0.13084115741741886,0.04361103860122555,3.6842038907169963,0.04470956529601611,0.004243386104202563,2024-07-01,2024-07-08,-0.02150535566956502,0.020322896739014107,-0.041828252408579125,0
448,Cint,,,Post-IPO,7/2/2024,CINT,2024-07-02,,,CINT:2024-07-02,1,1,0,,0.0806451798973915,0.19111114078097868,0.1884700358082485,0.026519801807613916,0.6241356076456612,0.04354130831080805,0.004058461706506488,2024-07-03,2024-07-10,0.009328304599298898,0.022422202538311842,-0.013093897939012944,0
442,Microsoft,,,Post-IPO,7/7/2024,MSFT,2024-07-07,,,MSFT:2024-07-07,1,1,6,34.0,0.03248319496582752,0.102709809992938,0.09881602701686454,0.008539190066511345,0.9130735992001625,0.04069692075299436,0.003517681394407232,2024-07-08,2024-07-12,-0.029964117025363612,0.009645872319886672,-0.039609989345250285,0
439,UIPath,420.0,10%,Post-IPO,7/9/2024,PATH,2024-07-09,420.0,10.0,PATH:2024-07-09,0,0,2,601.0,-0.07375774851119832,-0.005833307902018414,-0.44016890642149975,0.02578477142362604,2.06797314679768,0.04419967386410795,0.003417320780536545,2024-07-10,2024-07-16,0.06454312526339967,0.016264289062781767,0.0482788362006179,1
436,Intuit,1800.0,10%,Post-IPO,7/10/2024,ISRG,2024-07-10,1800.0,10.0,ISRG:2024-07-10,0,0,1,1479.0,0.013513804855800782,0.06300488800593107,0.15576924205531784,0.012119807721163901,0.7593729510639566,0.0512840725916901,0.0038278604716445687,2024-07-11,2024-07-17,-0.041619777070850406,-0.007803068402744917,-0.03381670866810549,0
432,Salesforce,300.0,,Post-IPO,7/15/2024,CRM,2024-07-15,300.0,,CRM:2024-07-15,0,1,6,171.0,-0.015993995410633288,0.10576617033427005,-0.08347724844791982,0.01709513586133258,0.5508249617769273,0.038513363391436295,0.004452077567282575,2024-07-16,2024-07-22,0.004824746066157681,-0.012252198389641644,0.017076944455799326,1
431,SolarEdge,400.0,,Post-IPO,7/16/2024,SEDG,2024-07-16,400.0,,SEDG:2024-07-16,0,1,1,177.0,0.12393002678451204,-0.24234821122665584,-0.47377590025925853,0.0795746097512997,0.995096547339844,0.04403669193718596,0.004529132224336795,2024-07-17,2024-07-23,-0.1549668936074644,-0.019615339919682895,-0.1353515536877815,0
433,Spotify,40.0,,Post-IPO,7/16/2024,SPOT,2024-07-16,40.0,,SPOT:2024-07-16,0,1,6,225.0,-0.04188729996561813,-0.046386778874488055,0.03215763278153361,0.010106164549932234,0.9276658918211474,0.04403669193718596,0.004529132224336795,2024-07-17,2024-07-23,0.1081742329813129,-0.019615339919682895,0.1277895729009958,1
414,NerdWallet,,15%,Post-IPO,7/31/2024,NRDS,2024-07-31,,15.0,NRDS:2024-07-31,1,0,0,,-0.05184706253482785,-0.016801075139601496,0.05937723895065439,0.033869929985459964,3.680343406808604,0.003278762962060311,0.009387224524564813,2024-08-01,2024-08-07,-0.27204377749676734,-0.05836858016348767,-0.21367519733327967,0
408,Intel,15000.0,15%,Post-IPO,8/1/2024,INTC,2024-08-01,15000.0,15.0,INTC:2024-08-01,0,0,5,112.0,-0.06591644019030551,-0.06980472765656098,-0.06199550959457556,0.029471232769863426,1.7907971099098452,-0.01532305814207191,0.009854778243981418,2024-08-02,2024-08-08,-0.29018997449413453,-0.022762118364768824,-0.2674278561293657,0
413,Match Group,,6%,Post-IPO,8/1/2024,MTCH,2024-08-01,,6.0,MTCH:2024-08-01,1,0,1,547.0,0.1299247488346802,0.27269643957889755,0.16532238684943112,0.03682956995682257,1.2622509586364412,-0.01532305814207191,0.009854778243981418,2024-08-02,2024-08-08,-0.07186606402598938,-0.022762118364768824,-0.04910394566122056,0
406,Dell,,,Post-IPO,8/5/2024,DELL,2024-08-05,,,DELL:2024-08-05,1,1,3,131.0,-0.11708622099719568,-0.3250629624565936,-0.25142041441472673,0.031114701205349916,1.2745147495944928,-0.06825418919739001,0.012089048836788024,2024-08-06,2024-08-12,-0.029639550811728865,0.030712664862676542,-0.06035221567440541,0
403,Teradata,,13%,Post-IPO,8/7/2024,TDC,2024-08-07,,13.0,TDC:2024-08-07,1,0,0,,-0.24398514456550335,-0.26085644325493995,-0.25772259572700773,0.04306469871123917,2.3833955223880596,-0.07599932423769473,0.012022929600926768,2024-08-08,2024-08-14,0.0881272879331445,0.048374791554595564,0.03975249637854894,1
398,Fastly,,11%,Post-IPO,8/8/2024,FSLY,2024-08-08,,11.0,FSLY:2024-08-08,1,0,0,,-0.23697913222713318,-0.21657752425510612,-0.3264367514958163,0.04506458570764246,3.383622331798539,-0.04641689493980439,0.013381341857636843,2024-08-09,2024-08-15,0.06996584267417427,0.0422501230513912,0.027715719622783075,1
400,LegalZoom,,15%,Post-IPO,8/8/2024,LZ,2024-08-08,,15.0,LZ:2024-08-08,1,0,1,294.0,-0.08031492278804808,-0.018487337849315333,-0.40102562537560094,0.0288579036593867,1.4786225298998685,-0.04641689493980439,0.013381341857636843,2024-08-09,2024-08-15,-0.030821969259027693,0.0422501230513912,-0.07307209231041889,0
393,Cisco,5600.0,7%,Post-IPO,8/9/2024,CSCO,2024-08-09,5600.0,7.0,CSCO:2024-08-09,0,0,3,177.0,-0.02550377253358238,-0.04031240435255257,-0.06313485806009012,0.014906124227657415,1.0683754550991116,-0.04821521127794004,0.013323785634326051,2024-08-12,2024-08-16,0.08775023798672899,0.04000068159676973,0.04774955638995926,1
388,Sonos,100.0,6%,Post-IPO,8/14/2024,SONO,2024-08-14,100.0,6.0,SONO:2024-08-14,0,0,3,244.0,-0.06349208119696081,-0.21222765996060922,-0.3402001065825083,0.02791632043985592,1.0196440189521565,-0.02368271358269114,0.013578738439266585,2024-08-15,2024-08-21,0.01694911505234087,0.031025132412264567,-0.014076017359923698,0
389,Grail,350.0,,Post-IPO,8/19/2024,GRAL,2024-08-19,350.0,,GRAL:2024-08-19,0,1,0,,0.09238783607945411,0.04091765586486096,,0.041912823585853756,0.8727547004543823,0.008942385883707438,0.013960240188429677,2024-08-20,2024-08-26,-0.10780233916587412,0.002108584431239624,-0.10991092359711374,0
374,Five9,190.0,7%,Post-IPO,8/20/2024,FIVN,2024-08-20,190.0,7.0,FIVN:2024-08-20,0,0,0,,0.0738528754449781,-0.2335128585584244,-0.32350031074188124,0.06735469062539166,0.6396605941528578,0.008884274712736229,0.013960702868802022,2024-08-21,2024-08-27,-0.03131401089148045,0.005119227220122813,-0.03643323811160326,0
376,GoPro,139.0,15%,Post-IPO,8/20/2024,GPRO,2024-08-20,139.0,15.0,GPRO:2024-08-20,0,0,2,134.0,0.03125006402842834,-0.16981130519399357,-0.11409393019904113,0.04717458817913808,0.8185729534932816,0.008884274712736229,0.013960702868802022,2024-08-21,2024-08-27,-0.03787884055965873,0.005119227220122813,-0.042998067779781546,0
364,Apple,100.0,,Post-IPO,8/28/2024,AAPL,2024-08-28,100.0,,AAPL:2024-08-28,0,1,3,146.0,0.0003975734562835509,0.02103807985261641,0.16864479994334647,0.014780804751938352,0.7477564427873137,0.013598235602150899,0.012500065493542599,2024-08-29,2024-09-05,-0.018146465189938787,-0.015565573050458137,-0.0025808921394806505,0
365,IBM,1000.0,,Post-IPO,8/28/2024,IBM,2024-08-28,1000.0,,IBM:2024-08-28,0,1,3,164.0,0.006338465451563469,0.041926696020171184,0.21125252511954185,0.012373636639737725,0.9166770629738984,0.013598235602150899,0.012500065493542599,2024-08-29,2024-09-05,0.02081014839872264,-0.015565573050458137,0.036375721449180776,1
382,AppLovin,61.0,,Post-IPO,9/2/2024,APP,2024-09-02,61.0,,APP:2024-09-02,0,1,1,798.0,0.029600952202602837,0.351426092795285,0.1099558357711472,0.04133811959460803,1.143524619623817,0.05775933290025037,0.011142992602065369,2024-09-03,2024-09-09,-0.07063642719909069,-0.030637900777706673,-0.03999852642138402,0
367,Velo3D,42.0,,Post-IPO,9/2/2024,VELO,2024-09-02,42.0,,VELO:2024-09-02,0,1,0,,-0.023621988116166226,-0.43119266215583585,-0.7505030232050252,0.0768558992943371,0.37619279032883907,0.05775933290025037,0.011142992602065369,2024-09-03,2024-09-09,0.08870965509087236,-0.030637900777706673,0.11934755586857904,1
357,Lyft,30.0,1%,Post-IPO,9/4/2024,LYFT,2024-09-04,30.0,1.0,LYFT:2024-09-04,0,0,4,502.0,-0.024096362799380544,0.03372833879240145,-0.2730769310712343,0.05404848621791283,0.4148913653496511,0.0551565973392838,0.009917815790446817,2024-09-05,2024-09-11,0.053791856126037096,0.006298082006145789,0.04749377411989131,1
345,Microsoft,650.0,,Post-IPO,9/12/2024,MSFT,2024-09-12,650.0,,MSFT:2024-09-12,0,1,7,67.0,0.045569254746503196,0.026170952205348152,-0.045944976074069555,0.011753146224119765,0.9862609373042227,0.028211357389859915,0.009480642588562451,2024-09-13,2024-09-19,0.027377056940061983,0.021266553508245245,0.006110503431816738,1
343,IBM,,,Post-IPO,9/20/2024,IBM,2024-09-20,,,IBM:2024-09-20,1,1,4,23.0,0.013548174296744264,0.11094095459285414,0.2777334133530662,0.009989267287768612,2.444087222215405,0.024761756547380553,0.009128715339683086,2024-09-23,2024-09-27,0.014423598091691803,0.0056664694914914104,0.008757128600200392,1
348,Mobileye,100.0,,Post-IPO,9/23/2024,MBLY,2024-09-23,100.0,,MBLY:2024-09-23,0,1,0,,0.08056042645776484,-0.14305552225789808,-0.5596002872594967,0.052612658554239654,1.2747645686169542,0.016521623151755094,0.008867193491799201,2024-09-24,2024-09-30,0.11021066773585364,0.007179813435122195,0.10303085430073144,1
332,F5,,,Post-IPO,9/26/2024,FFIV,2024-09-26,,,FFIV:2024-09-26,1,1,3,325.0,0.01779553545530166,0.11287644937974028,0.2845452932156436,0.011218736535853088,0.631868515492997,0.028220061733208013,0.00875176006645833,2024-09-27,2024-10-03,-0.014728447459894989,-0.007827992777349913,-0.006900454682545076,0
316,PubMatic,12.0,1%,Post-IPO,10/7/2024,PUBM,2024-10-07,12.0,1.0,PUBM:2024-10-07,0,0,0,,-0.026227326585355315,0.03281020466856899,-0.2831683665674657,0.015549135853547086,0.9421324865142208,0.042333596142731356,0.006246525062157653,2024-10-08,2024-10-14,0.04419892013504234,0.029094936968484753,0.015103983166557589,1
317,Zapata Computing,,100%,Post-IPO,10/14/2024,ZPTA,2024-10-14,,100.0,ZPTA:2024-10-14,1,0,0,,-0.6951702484116641,-0.8027158635323962,-0.8574074138461807,0.16992767434838854,11.51914704446046,0.0413479949583786,0.006340536467009044,2024-10-15,2024-10-21,0.0,-0.0011807576576392531,0.0011807576576392531,1
302,Meta,,,Post-IPO,10/16/2024,META,2024-10-16,,,META:2024-10-16,1,1,4,222.0,-0.023234222691774886,0.07219997891838048,0.18140380774692644,0.01359244079088281,0.9428822572810761,0.04040986682039471,0.006639796000764471,2024-10-17,2024-10-23,-0.02271187213337622,-0.007401876398830165,-0.015309995734546056,0
297,Upwork,,21%,Post-IPO,10/23/2024,UPWK,2024-10-23,,21.0,UPWK:2024-10-23,1,0,1,539.0,0.22757952581693885,0.2216890066246502,0.10216444433031535,0.06205231669365335,7.3050100458566725,0.013946312055222565,0.00605088085266142,2024-10-24,2024-10-30,0.07227023640036379,0.0034951787341190865,0.0687750576662447,1
289,F5,100.0,2%,Post-IPO,10/29/2024,FFIV,2024-10-29,100.0,2.0,FFIV:2024-10-29,0,0,4,33.0,0.10720540188976724,0.09985816609196863,0.28422572734254503,0.02387089169412816,4.6421349962183776,0.023126192535244172,0.005533339643707839,2024-10-30,2024-11-05,-0.030832620170820002,-0.00871476695380291,-0.02211785321701709,0
292,Coursera,150.0,10%,Post-IPO,10/30/2024,COUR,2024-10-30,150.0,10.0,COUR:2024-10-30,0,0,1,721.0,-0.05874493909598799,-0.0796344215180802,-0.10872309396549606,0.029348319817584234,0.7378161227689634,0.01960083723674999,0.005610628997995249,2024-10-31,2024-11-06,0.036879396455388846,0.019016677664099868,0.01786271879128898,1
285,Dropbox,527.0,20%,Post-IPO,10/30/2024,DBX,2024-10-30,527.0,20.0,DBX:2024-10-30,0,0,2,552.0,0.014734360111550604,0.04179933128905855,0.22175536802434204,0.013371639506593189,1.4864669570782667,0.01960083723674999,0.005610628997995249,2024-10-31,2024-11-06,0.0661062108212771,0.019016677664099868,0.04708953315717723,1
273,Akamai,250.0,2%,Post-IPO,11/7/2024,AKAM,2024-11-07,250.0,2.0,AKAM:2024-11-07,0,0,1,547.0,0.032845267458278204,0.00947595604607021,0.04682641142837829,0.012888841924974699,1.6931292413341417,0.033811804894935626,0.008833474053730217,2024-11-08,2024-11-14,-0.15373565916835075,-0.003794470198946298,-0.14994118896940445,0
270,Freshworks,660.0,13%,Post-IPO,11/7/2024,FRSH,2024-11-07,660.0,13.0,FRSH:2024-11-07,0,0,3,518.0,0.43760683495948394,0.5071684520429995,0.5194218752046047,0.06449712088802366,3.882167280378748,0.033811804894935626,0.008833474053730217,2024-11-08,2024-11-14,-0.029726516591665475,-0.003794470198946298,-0.025932046392719177,0
272,Opendoor,300.0,17%,Post-IPO,11/7/2024,OPEN,2024-11-07,300.0,17.0,OPEN:2024-11-07,0,0,2,569.0,0.06857143129621224,0.062500008466569,0.062500008466569,0.04313603842050951,1.7300953119607794,0.033811804894935626,0.008833474053730217,2024-11-08,2024-11-14,-0.053475948442173626,-0.003794470198946298,-0.04968147824322733,0
263,Enphase Energy,500.0,17%,Post-IPO,11/11/2024,ENPH,2024-11-11,500.0,17.0,ENPH:2024-11-11,0,0,1,328.0,-0.27212439385087894,-0.3726224590364602,-0.4530457927549921,0.05871190746112406,1.4144492610852475,0.024712555667609992,0.00866261308344591,2024-11-12,2024-11-18,-0.01979262212619093,-0.017719944101451723,-0.002072678024739205,0
256,AMD,1000.0,4%,Post-IPO,11/13/2024,AMD,2024-11-13,1000.0,4.0,AMD:2024-11-13,0,0,0,,-0.03997245215565348,-0.10779479475253262,-0.10933498409241904,0.03131925223877007,0.9798264466104623,0.025571025102617106,0.008442852417420784,2024-11-14,2024-11-20,-0.01220385435031568,-0.011202408116224971,-0.0010014462340907082,0
258,Chegg,319.0,21%,Post-IPO,11/13/2024,CHGG,2024-11-13,319.0,21.0,CHGG:2024-11-13,0,0,2,148.0,-0.10227269802458017,0.01282057748038623,-0.25118477655488747,0.058930635264771415,3.083818915284626,0.025571025102617106,0.008442852417420784,2024-11-14,2024-11-20,0.0949366911923426,-0.011202408116224971,0.10613909930856757,1
257,AppLovin,120.0,,Post-IPO,11/16/2024,APP,2024-11-16,120.0,,APP:2024-11-16,0,1,2,75.0,0.0037239630905789856,1.0044759254305236,2.2706741161560746,0.10989795878075052,3.6584020136036854,0.0019840038488008194,0.009113961980331696,2024-11-18,2024-11-22,0.1450410586136912,0.01666241847007144,0.12837864014361977,1
238,Booking Holdings,60.0,,Post-IPO,12/7/2024,BKNG,2024-12-07,60.0,,BKNG:2024-12-07,0,1,0,,0.020596966489532242,0.07889972229893472,0.3716187404157265,0.012510592118893675,0.8511119146628097,0.020483303513373574,0.00468750948038933,2024-12-09,2024-12-13,-0.013721824539509875,-0.005922908697600149,-0.007798915841909726,0
246,Sprout Social,,,Post-IPO,12/13/2024,SPT,2024-12-13,,,SPT:2024-12-13,1,1,0,,0.04625346857491719,0.17976356172285568,0.16919365161824262,0.024432434834487964,1.2421515381506707,0.01830299444515826,0.004990598802746733,2024-12-16,2024-12-20,-0.043619202149272174,-0.018322091004011054,-0.02529711114526112,0
218,Lilium,1000.0,100%,Post-IPO,12/27/2024,LILMF,2024-12-27,1000.0,100.0,LILMF:2024-12-27,0,0,0,,0.7209588544771082,2.2444959375774314,-0.6329794165917019,0.6457439970409313,2.156700755910323,-0.003034853262592341,0.009023894449962306,2024-12-30,2025-01-06,0.0978570959488958,0.0005882343097074472,0.09726886163918835,1
244,SolarEdge,500.0,12%,Post-IPO,1/7/2025,SEDG,2025-01-07,500.0,12.0,SEDG:2025-01-07,0,0,2,175.0,0.29624175004933506,0.3763693677713742,-0.03245325317293424,0.06914704724293759,1.504399450793835,-0.028296446655449947,0.009970747275408321,2025-01-08,2025-01-15,-0.17566800032877095,0.007050420577649152,-0.1827184209064201,0
211,Microsoft,,,Post-IPO,1/11/2025,MSFT,2025-01-11,,,MSFT:2025-01-11,1,1,8,121.0,0.0008839775738733735,-0.05499280238563864,0.0015473944464647893,0.012317974547805956,0.9981300902789152,-0.033769524142391094,0.010440353131793693,2025-01-13,2025-01-17,0.024060098739340008,0.02944089109379,-0.0053807923544499925,0
203,Wayfair,730.0,3%,Post-IPO,1/11/2025,W,2025-01-11,730.0,3.0,W:2025-01-11,0,0,3,358.0,-0.042553253163958304,-0.1936368699672274,-0.20166551169183267,0.03548030378948663,1.1404974452117982,-0.033769524142391094,0.010440353131793693,2025-01-13,2025-01-17,0.020181479254879786,0.02944089109379,-0.009259411838910214,0
199,Microsoft,,,Post-IPO,1/14/2025,MSFT,2025-01-14,,,MSFT:2025-01-14,1,1,9,3.0,-0.028467781799165648,-0.07538481887358728,0.0009181001614200213,0.011708952002084992,0.8483122063811126,-0.033393462824248266,0.010234516451030556,2025-01-15,2025-01-22,0.07344762787130632,0.04165317985808392,0.0317944480132224,1
205,Zillow,,,Post-IPO,1/14/2025,Z,2025-01-14,,,Z:2025-01-14,1,1,3,433.0,-0.047972472707423,-0.10568909871332677,0.12973731979094816,0.02165343083537581,0.8848433259261319,-0.033393462824248266,0.010234516451030556,2025-01-15,2025-01-22,0.10091871338495784,0.04165317985808392,0.059265533526873915,1
163,Meta,3600.0,5%,Post-IPO,1/16/2025,META,2025-01-16,3600.0,5.0,META:2025-01-16,0,0,5,92.0,0.0009496459483095965,-0.020729318472803238,0.061274797649052415,0.020628166907464975,0.6319716239423554,-0.02168564723364652,0.011095749714351663,2025-01-17,2025-01-24,0.05920176686680878,0.027600945736292237,0.03160082113051654,1
185,Amazon,,,Post-IPO,2/2/2025,AMZN,2025-02-02,,,AMZN:2025-02-02,1,1,12,305.0,0.01205018734816754,0.08336748865953902,0.20082858319058494,0.013865922269552636,1.1066954550957204,0.02685634966868511,0.00878379154877217,2025-02-03,2025-02-07,-0.03588858567045061,-0.0017446307698019137,-0.0341439549006487,0
181,Salesforce,1000.0,1%,Post-IPO,2/3/2025,CRM,2025-02-03,1000.0,1.0,CRM:2025-02-03,0,0,7,203.0,-0.022644822695717992,0.025948034903293227,0.13964990871502425,0.018054051729829636,0.7219717029115167,0.02245803230060628,0.008932283433882774,2025-02-04,2025-02-10,-0.03549113872512544,0.011844045557160676,-0.047335184282286114,0
176,Okta,180.0,3%,Post-IPO,2/4/2025,OKTA,2025-02-04,180.0,3.0,OKTA:2025-02-04,0,0,3,369.0,-0.005477685045767955,0.1690193309164767,0.2746051579733766,0.017236766709445506,0.7629571165482768,0.016605955140476247,0.00863357163023716,2025-02-05,2025-02-11,0.0145111223815928,0.005866014285185406,0.008645108096407395,1
178,Asana,100.0,,Post-IPO,2/5/2025,ASAN,2025-02-05,100.0,,ASAN:2025-02-05,0,1,1,813.0,0.020737273722098326,0.01605506393205358,0.5969718674325306,0.03669717102128924,0.6701108303520052,0.014881711483059501,0.008590923532648297,2025-02-06,2025-02-12,0.03295709051054008,-0.0014234501568421987,0.034380540667382276,1
171,Sonos,200.0,12%,Post-IPO,2/5/2025,SONO,2025-02-05,200.0,12.0,SONO:2025-02-05,0,0,4,175.0,0.02002866207538645,-0.048699102960818474,0.046221578074195024,0.018617769737867076,0.633535426315066,0.014881711483059501,0.008590923532648297,2025-02-06,2025-02-12,-0.07994392181101273,-0.0014234501568421987,-0.07852047165417053,0
179,TripAdvisor,75.0,,Post-IPO,2/5/2025,TRIP,2025-02-05,75.0,,TRIP:2025-02-05,0,1,3,411.0,-0.015219868165006978,0.14707812465168657,0.0034462645874921982,0.03735010344524492,0.632277524117637,0.014881711483059501,0.008590923532648297,2025-02-06,2025-02-12,0.010875818060987363,-0.0014234501568421987,0.012299268217829562,1
169,Workday,1750.0,8%,Post-IPO,2/5/2025,WDAY,2025-02-05,1750.0,8.0,WDAY:2025-02-05,0,0,1,736.0,0.040580330742022275,0.08668456004955538,0.09678320127330298,0.01977944764910485,2.459570897140486,0.014881711483059501,0.008590923532648297,2025-02-06,2025-02-12,-0.0660824822126298,-0.0014234501568421987,-0.0646590320557876,0
223,Cint,,12%,Post-IPO,2/8/2025,CINT,2025-02-08,,12.0,CINT:2025-02-08,1,0,1,221.0,0.09770112422580768,0.23027372295561643,0.10724634215802253,0.027835902011817605,2.9565138116510163,0.01913531904902377,0.00846326792681159,2025-02-10,2025-02-14,-0.052356034340015234,0.01486413552987198,-0.06722016986988721,0
167,Sprinklr,500.0,15%,Post-IPO,2/8/2025,CXM,2025-02-08,500.0,15.0,CXM:2025-02-08,0,0,3,281.0,-0.025813641546035604,0.011655056218990323,0.14814819720546923,0.01837221686097176,1.1277429343275565,0.01913531904902377,0.00846326792681159,2025-02-10,2025-02-14,0.034562122870164025,0.01486413552987198,0.019697987340292045,1
162,Unity,,,Post-IPO,2/12/2025,U,2025-02-12,,,U:2025-02-12,1,1,6,401.0,-0.07910942813876731,-0.11475403713458554,0.016204986246250996,0.02724384730213398,1.0305196039322733,0.03636253824231783,0.007725392129589356,2025-02-13,2025-02-20,0.44032917853812914,0.011634984479088839,0.4286941940590403,1
180,Intel,58.0,,Post-IPO,2/21/2025,INTC,2025-02-21,58.0,,INTC:2025-02-21,0,1,6,204.0,0.030667289855110358,0.15299031947603714,0.017594120121911194,0.051658071415072754,0.9322693372297418,-0.016088528857490902,0.00740736951643562,2025-02-24,2025-02-28,-0.04583841007349998,-0.009601107216011928,-0.03623730285748805,0
153,Riskified,,,Post-IPO,2/21/2025,RSKD,2025-02-21,,,RSKD:2025-02-21,1,1,1,373.0,-0.09322036980418236,0.04492187972937245,0.16812226937843344,0.022345475579015464,0.6685254419871998,-0.016088528857490902,0.00740736951643562,2025-02-24,2025-02-28,-0.03925234427857349,-0.009601107216011928,-0.029651237062561564,0
148,NetEase,,,Post-IPO,2/23/2025,NTES,2025-02-23,,,NTES:2025-02-23,1,1,0,,-0.015170338638689551,0.037908443312800744,0.1703670448116621,0.02229689246383993,1.1993411262920848,-0.016088528857490902,0.00740736951643562,2025-02-24,2025-02-28,-0.033908080519527206,-0.009601107216011928,-0.024306973303515278,0
147,Ibotta,70.0,8%,Post-IPO,2/24/2025,IBTA,2025-02-24,70.0,8.0,IBTA:2025-02-24,0,0,0,,-0.12017860775164668,-0.12890252540839953,-0.07943925788962225,0.0216038478430437,1.120869928900042,-0.017698018028346585,0.007441013814575936,2025-02-25,2025-03-03,-0.4991539716448474,-0.022504714642835988,-0.47664925700201144,0
164,Wise,300.0,,Post-IPO,2/25/2025,WISE,2025-02-25,300.0,,WISE:2025-02-25,0,1,0,,-0.150094327295219,-0.021720959096295345,0.03965670887947326,0.02820764743049616,1.1204819277108433,-0.008559243059431232,0.006837718674178646,2025-02-26,2025-03-04,-0.03814404172143959,-0.029247284530816597,-0.008896757190622995,0
137,Autodesk,1350.0,9%,Post-IPO,2/27/2025,ADSK,2025-02-27,1350.0,9.0,ADSK:2025-02-27,0,0,1,755.0,-0.029791709289594293,-0.07173622106375988,-0.028523286977361284,0.014884159486415211,2.037262812189215,-0.027849304245673223,0.007306664406685245,2025-02-28,2025-03-06,-0.07777577821984216,-0.0210921971858703,-0.056683581033971864,0
141,eBay,20.0,,Post-IPO,2/27/2025,EBAY,2025-02-27,20.0,,EBAY:2025-02-27,0,1,4,244.0,-0.0860927364731221,-0.03818187934081496,-0.00874449532389765,0.021507555924108895,3.805717388306674,-0.027849304245673223,0.007306664406685245,2025-02-28,2025-03-06,0.0691557676908825,-0.0210921971858703,0.0902479648767528,1
144,Expedia,,,Post-IPO,2/27/2025,EXPE,2025-02-27,,,EXPE:2025-02-27,1,1,6,308.0,-0.05649806093033849,0.13008685042272639,0.04666881839064785,0.04232017199533274,0.5830942664350075,-0.027849304245673223,0.007306664406685245,2025-02-28,2025-03-06,-0.04698359402026109,-0.0210921971858703,-0.02589139683439079,0
139,Google,,,Post-IPO,2/27/2025,GOOG,2025-02-27,,,GOOG:2025-02-27,1,1,12,271.0,-0.08803034503198037,-0.1367784334795269,-0.002440574195182621,0.02194246503383237,1.3062217370651028,-0.027849304245673223,0.007306664406685245,2025-02-28,2025-03-06,0.023500341390978008,-0.0210921971858703,0.044592538576848306,1
135,HP,2000.0,,Post-IPO,2/28/2025,HP,2025-02-28,2000.0,,HP:2025-02-28,0,1,1,740.0,0.009904741152922059,-0.15917341528286422,-0.2274011407360368,0.04581339068707012,0.7412827776957263,-0.01794912147525507,0.008118274311152855,2025-03-03,2025-03-07,-0.03545837280198205,-0.030731463248046986,-0.004726909553935066,0
138,Digimarc,90.0,40%,Post-IPO,3/4/2025,DMRC,2025-03-04,90.0,40.0,DMRC:2025-03-04,0,0,1,740.0,-0.4511697153553108,-0.5932856447190009,-0.5700989158293399,0.10021143645313696,1.3223771093176815,-0.034979933710658107,0.009120398655466273,2025-03-05,2025-03-11,-0.014884933513477527,-0.03630009830431524,0.021415164790837715,1
129,Hewlett Packard Enterprise,2500.0,5%,Post-IPO,3/7/2025,HPE,2025-03-07,2500.0,5.0,HPE:2025-03-07,0,0,0,,-0.20191813268305936,-0.25983143473770665,-0.3357409640872029,0.030153178476438836,5.30499026726662,-0.0501385263896057,0.010006183326582962,2025-03-10,2025-03-14,-0.012017769230070141,-0.022763603175294467,0.010745833945224326,1
131,LiveRamp,65.0,5%,Post-IPO,3/7/2025,RAMP,2025-03-07,65.0,5.0,RAMP:2025-03-07,0,0,1,854.0,-0.1034135987960979,-0.24428771963428408,-0.15622044360543796,0.019796673356305493,1.611408907418437,-0.0501385263896057,0.010006183326582962,2025-03-10,2025-03-14,-0.017170622474845687,-0.022763603175294467,0.00559298070044878,1
128,Wayfair ,340.0,,Post-IPO,3/7/2025,W,2025-03-07,340.0,,W:2025-03-07,0,1,4,55.0,-0.1147914286499685,-0.2609246546136619,-0.34597423650467973,0.04707621533119156,0.9904862624541333,-0.0501385263896057,0.010006183326582962,2025-03-10,2025-03-14,-0.08911736879363918,-0.022763603175294467,-0.06635376561834472,0
126,Arrival,,100%,Post-IPO,3/12/2025,ARVLF,2025-03-12,,100.0,ARVLF:2025-03-12,1,0,4,519.0,0.5000001091397526,0.5000001091397526,-0.993999999804423,0.17605159653201016,0.7921633985816567,-0.07672110315103764,0.011234095891270212,2025-03-13,2025-03-19,0.0,0.014779892353163682,-0.014779892353163682,0
116,Palantir,120.0,,Post-IPO,4/1/2025,PLTR,2025-04-01,120.0,,PLTR:2025-04-01,0,1,1,764.0,-0.12248704346968098,0.0033175210217386564,0.12621355972377923,0.05498612608920967,0.7691630109105166,-0.024620311449475074,0.012739959174102925,2025-04-02,2025-04-08,-0.08691545328090544,-0.11496149858322668,0.028046045302321243,1
109,Five9,123.0,4%,Post-IPO,4/16/2025,FIVN,2025-04-16,123.0,4.0,FIVN:2025-04-16,0,0,1,239.0,-0.10451303902325026,-0.2512412603527806,-0.4279210845857484,0.0545720897723957,0.5850861555141417,-0.0703342353216031,0.03305080889512852,2025-04-17,2025-04-24,0.08885933894604237,0.04000678951454373,0.04885254943149864,1
105,Google,,,Post-IPO,4/16/2025,GOOG,2025-04-16,,,GOOG:2025-04-16,1,1,13,48.0,-0.034521397684841304,-0.06483048593291907,-0.2201716568262746,0.03271434418602629,0.6281461364548786,-0.0703342353216031,0.03305080889512852,2025-04-17,2025-04-24,0.038392419474863715,0.04000678951454373,-0.0016143700396800131,0
100,AppLovin,97.0,,Post-IPO,4/18/2025,APP,2025-04-18,97.0,,APP:2025-04-18,0,1,3,153.0,-0.09707003242615742,-0.22338133662101534,-0.3414243049408998,0.08571962238645876,0.5141160651544366,-0.06630796524066529,0.03306657341446775,2025-04-21,2025-04-25,0.16207700929273194,0.04602878320937798,0.11604822608335397,1
97,Intel,22000.0,20%,Post-IPO,4/23/2025,INTC,2025-04-23,22000.0,20.0,INTC:2025-04-23,0,0,7,61.0,0.03727958473033399,-0.14917357423723787,0.01478557040532058,0.060660069685081724,0.8979816039065135,-0.06957919869715834,0.033961305677768464,2025-04-24,2025-04-30,-0.0237979488823159,0.035710444927353535,-0.059508393809669435,0
96,Meta,100.0,,Post-IPO,4/28/2025,META,2025-04-28,100.0,,META:2025-04-28,0,1,6,102.0,0.1342796483223625,-0.0468147100499533,-0.19908424289829862,0.04873679792136484,0.7036803096768212,-0.00865646662243258,0.03406022116045738,2025-04-29,2025-05-05,0.09009710449219832,0.022982893182414088,0.06711421130978423,1
91,Expedia,,3%,Post-IPO,5/2/2025,EXPE,2025-05-02,,3.0,EXPE:2025-05-02,1,0,7,64.0,0.010492699454287546,0.061823032956228596,-0.04477972853964962,0.05112797867772604,1.0686514240158018,0.0560087058499279,0.03213875252721787,2025-05-05,2025-05-09,-0.03170762916490821,-0.004269848935017473,-0.02743778022989074,0
88,NetApp,700.0,6%,Post-IPO,5/3/2025,NTAP,2025-05-03,700.0,6.0,NTAP:2025-05-03,0,0,1,823.0,0.043866682847017335,0.13861142217460687,-0.24893243582812363,0.03746907539762099,0.666277234801259,0.0560087058499279,0.03213875252721787,2025-05-05,2025-05-09,0.012130358135268304,-0.004269848935017473,0.016400207070285777,1
90,Stem,,27%,Post-IPO,5/3/2025,STEM,2025-05-03,,27.0,STEM:2025-05-03,1,0,0,,0.24337342863488676,0.5589123675570367,-0.09473683858291992,0.10520182016626325,1.178721440769476,0.0560087058499279,0.03213875252721787,2025-05-05,2025-05-09,0.03875974651483749,-0.004269848935017473,0.04302959544985496,1
80,CrowdStrike,500.0,5%,Post-IPO,5/7/2025,CRWD,2025-05-07,500.0,5.0,CRWD:2025-05-07,0,0,0,,-0.01480636597526619,0.29990148260557214,-0.01492125387882104,0.04542742705842381,1.7862156740197883,0.1302568997737079,0.028494918768028097,2025-05-08,2025-05-14,0.031761842697814124,0.04711756597039729,-0.015355723272583166,0
79,Match Group,325.0,13%,Post-IPO,5/9/2025,MTCH,2025-05-09,325.0,13.0,MTCH:2025-05-09,0,0,2,281.0,-0.11436956955722488,-0.03205125605924197,-0.19573246139628042,0.025524523395604157,2.0937956895110994,0.07579401689991583,0.012767471512874086,2025-05-12,2025-05-16,0.07615901381763246,0.052911296069092506,0.023247717748539953,1
78,Chegg,248.0,22%,Post-IPO,5/12/2025,CHGG,2025-05-12,248.0,22.0,CHGG:2025-05-12,0,0,3,180.0,0.013698616715036138,0.5416667209938182,-0.46762588694070795,0.034457999511465574,3.385323261416952,0.09186445007170563,0.014040783099663326,2025-05-13,2025-05-19,0.21621616832351465,0.020343438675884284,0.19587272964763036,1
77,Microsoft,6000.0,3%,Post-IPO,5/13/2025,MSFT,2025-05-13,6000.0,3.0,MSFT:2025-05-13,0,0,10,119.0,0.03653289468293153,0.15814447921357377,0.10187940516951,0.02322738779914973,1.0184182669193438,0.08851470672183637,0.013997372227192042,2025-05-14,2025-05-20,0.02197776588653788,0.010241381177055642,0.01173638470948224,1
76,Amazon,100.0,,Post-IPO,5/15/2025,AMZN,2025-05-15,100.0,,AMZN:2025-05-15,0,1,13,102.0,0.06814866833145916,0.17690584531616094,-0.09469181596216214,0.026799315646590927,1.3015620208695569,0.12327348086677747,0.01241101502920743,2025-05-16,2025-05-22,-0.010089155743546852,-0.012481707597722935,0.0023925518541760837,1
72,Blink Charging,,20%,Post-IPO,5/22/2025,BLNK,2025-05-22,,20.0,BLNK:2025-05-22,1,0,0,,-0.009845328886430194,-0.08571426802088422,-0.29175051942688635,0.04472909943163324,0.6531031445368538,0.06658256552738573,0.009779302982557999,2025-05-23,2025-05-30,-0.0014204362653625902,0.010804507214550396,-0.012224943479912986,0
66,nCino,,7%,Post-IPO,5/28/2025,NCNO,2025-05-28,,7.0,NCNO:2025-05-28,1,0,1,861.0,0.037582380502684254,0.1444444924451469,-0.12081413356650661,0.02267118497996427,1.6202789631233678,0.06027218011616564,0.010938087710250134,2025-05-29,2025-06-04,0.016803541600177052,0.013951808065856275,0.0028517335343207773,1
64,eBay,200.0,,Post-IPO,6/1/2025,EBAY,2025-06-01,200.0,,EBAY:2025-06-01,0,1,5,94.0,0.01819652593147847,0.08560495279818481,0.10887983902891119,0.010699844074734722,1.7312724488361249,0.05536563150715157,0.010921658533618121,2025-06-02,2025-06-06,0.07434742263454619,0.01654236939838527,0.05780505323616092,1
62,Hims & Hers,68.0,4%,Post-IPO,6/5/2025,HIMS,2025-06-05,68.0,4.0,HIMS:2025-06-05,0,0,0,,0.007061048112795065,0.008022960761884246,0.5203112028133146,0.05819406968843062,0.7581360065883447,0.056847585219906405,0.010275540950939542,2025-06-06,2025-06-12,0.08300172503543801,0.01804218439673866,0.06495954063869935,1
61,Microsoft,305.0,3%,Post-IPO,6/5/2025,MSFT,2025-06-05,305.0,3.0,MSFT:2025-06-05,0,0,11,23.0,0.019621502707770633,0.08120132657406698,0.2315377662182685,0.009076635115345004,1.01835720933997,0.056847585219906405,0.010275540950939542,2025-06-06,2025-06-12,0.023926697002661923,0.01804218439673866,0.005884512605923264,1
59,Playtika,90.0,,Post-IPO,6/10/2025,PLTK,2025-06-10,90.0,,PLTK:2025-06-10,0,1,3,516.0,0.014492696485665313,-0.07372403827435214,0.09435103220255892,0.026449133562623448,0.5193773603311083,0.03446019547981538,0.007614713757555518,2025-06-11,2025-06-17,-0.06530610873057063,-0.009202503220798963,-0.05610360550977167,0
48,Bumble,240.0,30%,Post-IPO,6/25/2025,BMBL,2025-06-25,240.0,30.0,BMBL:2025-06-25,0,0,1,484.0,0.24665391150066496,0.09212733836917053,0.5162789980742433,0.06462948850757104,4.2205641062998,0.030051111702623423,0.00636293767624612,2025-06-26,2025-07-02,0.016871186171195873,0.02195629853685821,-0.0050851123656623365,0
50,Google,75.0,,Post-IPO,6/25/2025,GOOG,2025-06-25,75.0,,GOOG:2025-06-25,0,1,14,70.0,-0.03238728230110044,-0.013127145168216114,0.10019310240223245,0.015582849146221581,0.9082581397610592,0.030051111702623423,0.00636293767624612,2025-06-26,2025-07-02,0.048224312951225645,0.02195629853685821,0.026268014414367435,1
51,Intel,,,Post-IPO,6/25/2025,INTC,2025-06-25,,,INTC:2025-06-25,1,1,8,63.0,0.06730776813608941,0.08029204803585777,-0.022456994367820116,0.03262640961906351,0.7045515860003783,0.030051111702623423,0.00636293767624612,2025-06-26,2025-07-02,-0.014414486088985212,0.02195629853685821,-0.03637078462584342,0
52,Microsoft,,,Post-IPO,6/25/2025,MSFT,2025-06-25,,,MSFT:2025-06-25,1,1,12,20.0,0.029767354780961375,0.06854932852452555,0.3019370915554769,0.006575496794421682,0.9145383319794375,0.030051111702623423,0.00636293767624612,2025-06-26,2025-07-02,-0.002397010920432985,0.02195629853685821,-0.024353309457291195,0
47,Rivian,140.0,1%,Post-IPO,6/27/2025,RIVN,2025-06-27,140.0,1.0,RIVN:2025-06-27,0,0,6,412.0,0.0022108096772435193,-0.09363543633825155,0.024096434859411042,0.02152996438682402,1.1524125871635136,0.045212542220315344,0.006289017795901177,2025-06-30,2025-07-07,-0.06250002629616624,0.009383480916475895,-0.07188350721264214,0
43,Microsoft,9000.0,4%,Post-IPO,7/2/2025,MSFT,2025-07-02,9000.0,4.0,MSFT:2025-07-02,0,0,13,7.0,-0.002397010920432985,0.06073835857225074,0.36725101128979,0.007345285927797842,0.8056081972643205,0.043943556473452716,0.006219227607498644,2025-07-03,2025-07-10,0.021157018631809743,0.00865487277683008,0.012502145854979663,1
38,Intel,5000.0,,Post-IPO,7/16/2025,INTC,2025-07-16,5000.0,,INTC:2025-07-16,0,1,9,21.0,-0.031996586301705654,0.09402125286688578,0.1986265276421464,0.02851644494213272,0.7116917936232955,0.03880228443978906,0.005436285857105681,2025-07-17,2025-07-23,0.03525778837509286,0.016004027716317593,0.019253760658775265,1
30,Amazon,,,Post-IPO,7/18/2025,AMZN,2025-07-18,,,AMZN:2025-07-18,1,1,14,64.0,0.004932897472562203,0.0640410330168395,0.305751324901379,0.013489007875469543,0.847966837808171,0.05355404757008708,0.004933694388992246,2025-07-21,2025-07-25,0.023482056533566054,0.01516935751140669,0.008312699022159364,1
29,Rocket Companies,,2%,Post-IPO,7/22/2025,RKT,2025-07-22,,2.0,RKT:2025-07-22,1,0,0,,0.20210364354449561,0.089176341527337,0.2158054852216713,0.03202686838775583,2.8655130243670275,0.04783810677052114,0.004532446140124181,2025-07-23,2025-07-29,-0.050000011920928955,0.010177185856415027,-0.06017719777734398,0
21,Atlassian,150.0,,Post-IPO,7/30/2025,TEAM,2025-07-30,150.0,,TEAM:2025-07-30,0,1,1,877.0,-0.02655874358636745,-0.05064755636425777,-0.054153844577431776,0.030723054746442796,0.6897760243126397,0.027216053226563952,0.004179146312847868,2025-07-31,2025-08-06,-0.05928293674462459,-0.0026479168618850357,-0.05663501988273956,0
13,Kaltura,70.0,10%,Post-IPO,8/9/2025,KLTR,2025-08-09,70.0,10.0,KLTR:2025-08-09,0,0,2,947.0,0.04819279790599551,-0.02793293485019044,-0.24347824103890792,0.030564483814597775,0.8249513435716271,0.021743905095716665,0.006526085016471496,2025-08-11,2025-08-15,-0.15517240198084736,0.009824677231827561,-0.16499707921267492,0
15,Peloton,,6%,Post-IPO,8/9/2025,PTON,2025-08-09,,6.0,PTON:2025-08-09,1,0,5,464.0,0.18787882816255208,0.22884012726619107,0.15124819654373578,0.05735642713421071,1.8584834355602713,0.021743905095716665,0.006526085016471496,2025-08-11,2025-08-15,0.08673473111493779,0.009824677231827561,0.07691005388311023,1
11,Amdocs,,,Post-IPO,8/18/2025,DOX,2025-08-18,,,DOX:2025-08-18,1,1,2,774.0,0.006362121275766297,-0.01170049843229537,-0.04593630534311144,0.01740400664531492,1.1175528488437376,0.023108466912523662,0.006751074751362546,2025-08-19,2025-08-25,0.0022987314733255992,-0.001290089916814896,0.0035888213901404953,1
9,F5,106.0,2%,Post-IPO,8/18/2025,FFIV,2025-08-18,106.0,2.0,FFIV:2025-08-18,0,0,5,293.0,-0.005815521898481002,0.05377853828811152,0.10479982874507154,0.018840944440138174,0.6413363790127117,0.023108466912523662,0.006751074751362546,2025-08-19,2025-08-25,-0.0017706872234929394,-0.001290089916814896,-0.00048059730667804335,0
14,Nextdoor,67.0,12%,Post-IPO,8/18/2025,NXDR,2025-08-18,67.0,12.0,NXDR:2025-08-18,0,0,1,650.0,0.06349206649557293,-0.019512176967531936,0.3958332712451642,0.04863897291700562,1.0275675435872411,0.023108466912523662,0.006751074751362546,2025-08-19,2025-08-25,0.004975119657066207,-0.001290089916814896,0.006265209573881103,1
7,Oracle,188.0,,Post-IPO,8/18/2025,ORCL,2025-08-18,188.0,,ORCL:2025-08-18,0,1,2,934.0,-0.01428673338373343,0.022706872470695805,0.5879838059962601,0.01829016017508222,0.6838318416440532,0.023108466912523662,0.006751074751362546,2025-08-19,2025-08-25,-0.054844119299056415,-0.001290089916814896,-0.05355402938224152,0
3,Cisco,221.0,,Post-IPO,8/23/2025,CSCO,2025-08-23,221.0,,CSCO:2025-08-23,0,1,4,379.0,0.01691836034171268,-0.019944698203882005,0.06922681226523841,0.016840910601651052,0.7408613846262877,0.012886615456830564,0.007547189705791176,2025-08-25,2025-08-29,0.026292447081262216,-0.0004029338724447218,0.026695380953706938,1
4,Oracle,101.0,,Post-IPO,8/23/2025,ORCL,2025-08-23,101.0,,ORCL:2025-08-23,0,1,3,5.0,-0.047970050559075106,-0.03569681662073043,0.44566518716411974,0.02189559789843331,0.8962483819309589,0.012886615456830564,0.007547189705791176,2025-08-25,2025-08-29,-0.04332184765452185,-0.0004029338724447218,-0.04291891378207713,0
